
/*Data for the table `aioerp_sys` */

insert  into `aioerp_sys`(`id`,`key1`,`value1`,`memo`,`userId`) values (1,'omDomainName','http://om.aioerp.com','OM订单系统域名',NULL),(2,'hasOpenAccount','0','是否开账',NULL),(3,'codeCustomChar','','自定义字符 ',NULL),(4,'codeDateSep','0','日期分隔方式：0：横杠1：点2：中文3：没有4：空格 ',NULL),(5,'codeIncreaseRule','1','流水号递增规则：0：每日递增1：每月递增2：每年递增',NULL),(6,'codeSelfCreate','0','系统自动生成单据编号：0：是，1否 ',NULL),(7,'codeAllowEdit','0','是否允许修改自动生成编号：0：允许，1否',NULL),(8,'codeCurrentFit','1','录单日期必须和当前日期一直：0：是，1否',NULL),(9,'codeAllowRep','1','允许单据编号重复：0：是，1否',NULL),(10,'codeFlowLen','4','单据编号流水号长度',NULL),(11,'codeCreateRule','0','单据编号生成规则：0：单据保存后生效，1：单据编号生成后生效，2：单据过账后生效',NULL);

/*Data for the table `aioerp_sys_config` */

insert  into `aioerp_sys_config`(`id`,`code`,`memo`,`isAllow`) values (1,NULL,'系统是否允许负库存',0),(2,NULL,'虚拟负库存提示',0),(3,NULL,'虚拟负库存不允许过账',0),(4,NULL,'单位进货价格跟踪',1),(5,NULL,'单位销售价格跟踪',1),(6,NULL,'售价低于最近进价，成本价，最低售价提示',0),(7,NULL,'低于最低售价不能过账',0),(8,NULL,'允许条码重复',0),(9,NULL,'录单时相同单据连续录入',1),(10,NULL,'超出应收上限不能过账',0),(11,NULL,'录单时不允许修改经手人',0),(12,NULL,'打印单据前必须保存单据',0),(13,NULL,'单位进货折扣跟踪',0),(14,NULL,'单位销售折扣跟踪',0),(15,NULL,'负库存提示',1);

/*Data for the table `aioerp_sys_user` */

insert  into `aioerp_sys_user`(`id`,`fullName`,`smallName`,`phone`,`address`,`fax`,`zipCode`,`corp`,`taxNum`,`bank`,`home`) values (1,NULL,NULL,NULL,NULL,NULL,NULL,NULL,NULL,NULL,NULL);

/*Data for the table `b_accounts` */

insert  into `b_accounts`(`id`,`code`,`fullName`,`smallName`,`spell`,`type`,`memo`,`node`,`supId`,`rank`,`pids`,`pFullNames`,`createTime`,`updateTime`,`status`,`isSysRow`,`money`,`userId`) values (1,'10','【资产类】','【资产类','【ZCL】','0001',NULL,2,0,1,'{0}{1}',NULL,'2014-05-24','2015-01-30',2,1,'0.0000',NULL),(2,'1601','固定资产合计','固定资产','GDZCHJ,GDZCGJ','0002',NULL,2,1,3,'{0}{1}{2}',NULL,'2014-05-24','2015-01-30',2,1,'0.0000',NULL),(3,'1001','现金合计','现金合计','XJHJ,XJGJ','0003',NULL,2,1,4,'{0}{1}{3}',NULL,'2014-05-24','2015-01-30',2,1,'0.0000',NULL),(4,'1002','全部银行存款合计','全部银行','QBYXCKHJ,QBYHCKHJ,QBYXCKGJ,QBYHCKGJ','0004',NULL,2,1,52,'{0}{1}{4}',NULL,'2014-05-24','2015-01-30',2,1,'0.0000',NULL),(5,'160101','固定资产_甲','固定资产','GDZC_J','0005',NULL,1,2,5,'{0}{1}{2}{5}',NULL,'2014-05-24','2015-01-30',2,1,'0.0000',NULL),(6,'100101','现金','现金','XJ','0006',NULL,1,3,6,'{0}{1}{3}{6}',NULL,'2014-05-24','2015-01-30',2,1,'0.0000',NULL),(8,'20','【负债类】','【负债类','【FZL】','0007',NULL,2,0,8,'{0}{8}',NULL,'2014-05-24','2015-01-30',2,1,'0.0000',NULL),(9,'50','【收入类】','【收入类','【SRL】','0008',NULL,2,0,12,'{0}{9}',NULL,'2014-05-24','2015-01-30',2,1,'0.0000',NULL),(11,'60','【支出类】','【支出类','【ZCL】','00010',NULL,2,0,13,'{0}{11}',NULL,'2014-05-24','2015-01-30',2,1,'0.0000',NULL),(12,'30','【权益合计】','【权益合','【QYHJ】,【QYGJ】','00011',NULL,2,0,9,'{0}{12}',NULL,'2014-05-24','2015-01-30',2,1,'0.0000',NULL),(13,'40','【成本类】','【成本类','【CBL】','00012',NULL,2,0,11,'{0}{13}',NULL,'2014-05-24','2015-01-30',2,1,'0.0000',NULL),(14,'2202','应付款合计','应付款合','YFKHJ,YFKGJ','00013',NULL,1,8,14,'{0}{8}{14}',NULL,'2014-05-24','2015-01-30',2,1,'0.0000',NULL),(15,'2406','借入商品','借入商品','JRSP','00014',NULL,1,8,15,'{0}{8}{15}',NULL,'2014-05-24','2015-01-30',2,1,'0.0000',NULL),(16,'2314','受托商品','受托商品','STSP','00015',NULL,1,8,16,'{0}{8}{16}',NULL,'2014-05-24','2015-01-30',2,1,'0.0000',NULL),(17,'2221','应交税金','应交税金','YJSJ','00016',NULL,1,8,17,'{0}{8}{17}',NULL,'2014-05-24','2015-01-30',2,1,'0.0000',NULL),(18,'2203','预收账款','预收账款','YSZK','00017',NULL,1,8,18,'{0}{8}{18}',NULL,'2014-05-24','2015-01-30',2,1,'0.0000',NULL),(19,'2204','会员储值','会员储值','KYCZ,HYCZ','00018',NULL,1,8,19,'{0}{8}{19}',NULL,'2014-05-24','2015-01-30',2,1,'0.0000',NULL),(20,'5001','销售收入','销售收入','XSSR','00019',NULL,1,9,20,'{0}{9}{20}',NULL,'2014-05-24','2015-01-30',2,1,'0.0000',NULL),(21,'5050','商品类收入','商品类收','SPLSR','00020',NULL,2,9,21,'{0}{9}{21}',NULL,'2014-05-24','2015-01-30',2,1,'0.0000',NULL),(22,'5051','其它收入','其它收入','QTSR,JTSR','00021',NULL,2,9,22,'{0}{9}{22}',NULL,'2014-05-24','2015-01-30',2,1,'0.0000',NULL),(23,'5052','其它业务收入','其它业务','QTYWSR,JTYWSR','00022',NULL,1,9,23,'{0}{9}{23}',NULL,'2014-05-24','2015-01-30',2,1,'0.0000',NULL),(24,'505001','商品报溢收入','商品报溢','SPBYSR','00023',NULL,1,21,24,'{0}{9}{21}{24}',NULL,'2014-05-24','2015-01-30',2,1,'0.0000',NULL),(25,'505002','其它入库收入','其它入库','QTRKSR,JTRKSR','00024',NULL,1,21,25,'{0}{9}{21}{25}',NULL,'2014-05-24','2015-01-30',2,1,'0.0000',NULL),(26,'505003','成本调价收入','成本调价','CBTJSR,CBDJSR','00025',NULL,1,21,26,'{0}{9}{21}{26}',NULL,'2014-05-24','2015-01-30',2,1,'0.0000',NULL),(27,'505004','进货退货差价','进货退货','JHTHCJ','00026',NULL,1,21,27,'{0}{9}{21}{27}',NULL,'2014-05-24','2015-01-30',2,1,'0.0000',NULL),(28,'505005','变价调拨差价','变价调拨','BJTBCJ,BJDBCJ','00027',NULL,1,21,28,'{0}{9}{21}{28}',NULL,'2014-05-24','2015-01-30',2,1,'0.0000',NULL),(29,'505006','借转进货结算与成本差价','借转进货','JZJHJSYCBCJ','00028',NULL,1,21,29,'{0}{9}{21}{29}',NULL,'2014-05-24','2015-01-30',2,1,'0.0000',NULL),(30,'505007','配送差价','配送差价','PSCJ','00029',NULL,1,21,30,'{0}{9}{21}{30}',NULL,'2014-05-24','2015-01-30',2,1,'0.0000',NULL),(31,'505101','调账收入','调账收入','TZSR,DZSR','00030',NULL,1,22,31,'{0}{9}{22}{31}',NULL,'2014-05-24','2015-01-30',2,1,'0.0000',NULL),(32,'505102','利息收入','利息收入','LXSR','00031',NULL,1,22,32,'{0}{9}{22}{32}',NULL,'2014-05-24','2015-01-30',2,1,'0.0000',NULL),(33,'505103','其它','其它','QT,JT','00032',NULL,1,22,33,'{0}{9}{22}{33}',NULL,'2014-05-24','2015-01-30',2,1,'0.0000',NULL),(34,'6401','销售成本','销售成本','XSCB','00033',NULL,1,11,34,'{0}{11}{34}',NULL,'2014-05-24','2015-01-30',2,1,'0.0000',NULL),(35,'6402','其它业务支出','其它业务','QTYWZC,JTYWZC','00034',NULL,1,11,35,'{0}{11}{35}',NULL,'2014-05-24','2015-01-30',2,1,'0.0000',NULL),(36,'6711','商品类支出','商品类支','SPLZC','00035',NULL,2,11,36,'{0}{11}{36}',NULL,'2014-05-24','2015-01-30',2,1,'0.0000',NULL),(37,'6601','费用合计','费用合计','FYHJ,FYGJ','00036',NULL,2,11,37,'{0}{11}{37}',NULL,'2014-05-24','2015-01-30',2,1,'0.0000',NULL),(38,'671101','商品报损','商品报损','SPBS','00037',NULL,1,36,38,'{0}{11}{36}{38}',NULL,'2014-05-24','2015-01-30',2,1,'0.0000',NULL),(39,'671102','其它出库费用','其它出库','QTCKFY,JTCKFY','00038',NULL,1,36,39,'{0}{11}{36}{39}',NULL,'2014-05-24','2015-01-30',2,1,'0.0000',NULL),(40,'660101','调账亏损','调账亏损','TZKS,DZKS','00039',NULL,1,37,40,'{0}{11}{37}{40}',NULL,'2014-05-24','2015-01-30',2,1,'0.0000',NULL),(41,'660102','固定资产折旧','固定资产','GDZCZJ,GDZCSJ','00041',NULL,1,37,41,'{0}{11}{37}{41}',NULL,'2014-05-24','2015-01-30',2,1,'0.0000',NULL),(42,'660103','优惠','优惠','YH','00042',NULL,1,37,42,'{0}{11}{37}{42}',NULL,'2014-05-24','2015-01-30',2,1,'0.0000',NULL),(43,'660104','积分转储值','积分转储','JFZCZ','00043',NULL,1,37,43,'{0}{11}{37}{43}',NULL,'2014-05-24','2015-01-30',2,1,'0.0000',NULL),(44,'660105','积分换商品','积分换商','JFHSP','00044',NULL,1,37,44,'{0}{11}{37}{44}',NULL,'2014-05-24','2015-01-30',2,1,'0.0000',NULL),(45,'3001','实收资本','实收资本','SSZB','00045',NULL,1,12,45,'{0}{12}{45}',NULL,'2014-05-24','2015-01-30',2,1,'0.0000',NULL),(46,'3103','本年利润','本年利润','BNLR','00046',NULL,1,12,46,'{0}{12}{46}',NULL,'2014-05-24','2015-01-30',2,1,'0.0000',NULL),(47,'3104','利润分配','利润分配','LRFP','00047',NULL,2,12,47,'{0}{12}{47}',NULL,'2014-05-24','2015-01-30',2,1,'0.0000',NULL),(48,'4001','生产成本','生产成本','SCCB','00048',NULL,2,13,48,'{0}{13}{48}',NULL,'2014-05-24','2015-01-30',2,1,'0.0000',NULL),(49,'4101','制造费用','制造费用','ZZFY','00049',NULL,1,13,49,'{0}{13}{49}',NULL,'2014-05-24','2015-01-30',2,1,'0.0000',NULL),(50,'4201','劳务成本','劳务成本','LWCB','000410',NULL,1,13,50,'{0}{13}{50}',NULL,'2014-05-24','2015-01-30',2,1,'0.0000',NULL),(51,'400101','基本生产成本','基本生产','JBSCCB','000411',NULL,1,48,51,'{0}{13}{48}{51}',NULL,'2014-05-24','2015-01-30',2,1,'0.0000',NULL),(52,'1405','库存商品','库存商品','KCSP','000412',NULL,1,1,2,'{0}{1}{52}',NULL,'2014-05-24','2015-01-30',2,1,'0.0000',NULL),(53,'1122','应收款合计','应收款合','YSKHJ,YSKGJ','000413',NULL,1,1,53,'{0}{1}{53}',NULL,'2014-05-24','2015-01-30',2,1,'0.0000',NULL),(54,'1406','借出商品','借出商品','JCSP','000414',NULL,1,1,54,'{0}{1}{54}',NULL,'2014-05-24','2015-01-30',2,1,'0.0000',NULL),(55,'1801','待摊费用','待摊费用','DTFY','000415',NULL,1,1,55,'{0}{1}{55}',NULL,'2014-05-24','2015-01-30',2,1,'0.0000',NULL),(56,'1321','委托商品款','委托商品','WTSPK','000416',NULL,1,1,56,'{0}{1}{56}',NULL,'2014-05-24','2015-01-30',2,1,'0.0000',NULL),(57,'1123','预付账款','预付账款','YFZK','000417',NULL,1,1,57,'{0}{1}{57}',NULL,'2014-05-24','2015-01-30',2,1,'0.0000',NULL),(58,'1408','委托加工物资','委托加工','WTJGWZ','000418',NULL,1,1,58,'{0}{1}{58}',NULL,'2014-05-24','2015-01-30',2,1,'0.0000',NULL),(59,'1241','自制半成品','自制半成','ZZBCP','000419',NULL,1,1,59,'{0}{1}{59}',NULL,'2014-05-24','2015-01-30',2,1,'0.0000',NULL),(60,'310415','未分配利润','未分配利','WFPLR','000420',NULL,1,47,60,'{0}{12}{47}{60}',NULL,'2014-05-24','2015-01-30',2,1,'0.0000',NULL),(161,'100201','建设银行','建设银行','JSYX,JSYH','000421',NULL,1,4,161,'{0}{1}{4}{161}',NULL,'2014-06-04','2015-01-30',2,1,'0.0000',NULL),(261,'505008','商品折装差价','商品折装','SPZZCJ,SPSZCJ','00528',NULL,1,21,261,'{0}{9}{21}{261}',NULL,'2014-05-24','2015-01-30',2,1,'0.0000',NULL);

/*Data for the table `delivery_company` */

insert  into `delivery_company`(`id`,`name`,`code`,`userId`) values (1,'EMS','ems',NULL),(2,'顺丰速递','shunfeng',NULL),(3,'韵达快运','yunda',NULL),(4,'圆通速递','yuantong',NULL),(5,'中国邮政','youzhengguonei',NULL),(6,'申通快递','shentong',NULL),(7,'中通速递','zhongtong',NULL),(8,'天天快递','tiantian',NULL),(9,'汇通快运','huitongkuaidi',NULL),(10,'宅急送','zhaijisong',NULL),(11,'德邦物流','debangwuliu',NULL),(12,'国通快递','guotongkuaidi',NULL),(13,'佳吉快运','jiajiwuliu',NULL),(14,'中铁快运','zhongtie',NULL),(15,'速尔快递','suer',NULL),(16,'中邮物流','zhongyouwuliu',NULL),(17,'能达速递','ganzhongnengda',NULL),(18,'全峰快递','quanfengkuaidi',NULL),(19,'快捷速递','kuaijiesudi',NULL),(20,'龙邦快递','longbanwuliu',NULL),(21,'dhl','DHL',NULL),(22,'优速快递','youshuwuliu',NULL),(23,'天地华宇','tiandihuayu',NULL),(24,'全日通快递','quanritongkuaidi',NULL),(25,'信丰物流','xinfengwuliu',NULL),(26,'新邦物流','xinbangwuliu',NULL),(27,'UPS快递','ups',NULL),(28,'TNT','tnt',NULL),(29,'盛辉物流','shenghuiwuliu',NULL),(30,'佳怡物流','jiayiwuliu',NULL),(31,'元智捷诚','yuanzhijiecheng',NULL),(32,'联昊通快递','lianhaowuliu',NULL),(33,'如风达','rufengda',NULL),(34,'飞康达物流','feikangda',NULL);

/*Data for the table `fz_report_row` */

insert  into `fz_report_row`(`id`,`name`,`showName`,`code`,`reportType`,`status`,`rank`,`width`,`isOrder`,`isCount`) values (1,'职员编号','职员编号','code','b500',2,1,100,2,1),(2,'职员全名','职员全名','name','b500',2,2,100,2,1),(3,'职员职务','职员职务','role','b500',1,3,100,2,1),(4,'部门编号','部门编号','departmentCode','b500',1,4,100,2,1),(5,'部门全名','部门全名','departmentName','b500',2,5,100,2,1),(6,'有无图片','有无图片','sysImgId','b500',1,6,100,2,1),(7,'状态','状态','status','b500',2,7,100,2,1),(25,'单位编号','单位编号','code','b502',2,25,80,2,1),(26,'单位全名','单位全名','fullName','b502',2,26,150,2,1),(27,'单位简名','单位简名','smallName','b502',1,27,100,2,1),(28,'单位拼音码','单位拼音码','spell','b502',1,28,100,2,1),(29,'单位地址','单位地址','address','b502',2,29,100,2,1),(30,'单位电话','单位电话','phone','b502',2,30,100,2,1),(31,'电子邮件','电子邮件','email','b502',1,31,100,2,1),(32,'联系人一','联系人','contact1','b502',2,32,100,2,1),(33,'手机一','手机','mobile1','b502',2,33,100,2,1),(34,'联系人二','联系人二','contact2','b502',1,34,100,2,1),(35,'手机二','手机二','mobile2','b502',1,35,100,2,1),(36,'默认经手人','默认经手人','staffFullName2','b502',1,36,100,2,1),(37,'开户银行','开户银行','bank','b502',1,37,100,2,1),(38,'银行账号','银行账号','bankAccount','b502',1,38,100,2,1),(39,'邮政编码','邮政编码','zipCode','b502',1,39,100,2,1),(40,'传真','传真','fax','b502',1,40,100,2,1),(41,'税号','税号','tariff','b502',1,41,100,2,1),(42,'地区全名','地区全名','areaFullName2','b502',2,42,100,2,1),(43,'适用价格','适用价格','fitPrice','b502',2,43,100,2,1),(44,'状态','状态','status','b502',2,44,100,2,1),(45,'科目编号','科目编号','code','b503',2,45,100,2,1),(46,'科目全名','科目全名','fullName','b503',2,46,100,2,1),(47,'科目简名','科目简名','smallName','b503',1,47,100,2,1),(48,'科目拼音码','科目拼音码','spell','b503',1,48,100,2,1),(49,'科目备注','科目备注','memo','b503',2,49,100,2,1),(50,'状态','状态','status','b503',2,50,100,2,1),(51,'地区编号','地区编号','code','b504',2,51,80,2,1),(52,'地区全名','地区全名','fullName','b504',2,52,100,2,1),(53,'地区拼音码','地区拼音码','spell','b504',1,55,100,2,1),(54,'备注','备注','memo','b504',2,53,200,2,1),(55,'简称','简称','smallName','b504',1,56,100,2,1),(56,'负责人','负责人','handler','b504',1,57,100,2,1),(57,'负责人电话','负责人电话','handlerTel','b504',1,58,100,2,1),(58,'状态','状态','status','b504',2,54,50,2,1),(59,'部门编号','部门编号','code','b505',2,59,80,2,1),(60,'部门名称','部门名称','fullName','b505',2,60,150,2,1),(61,'部门拼音码','部门拼音码','spell','b505',1,61,100,2,1),(62,'备注','备注','memo','b505',2,62,200,2,1),(63,'状态','状态','status','b505',2,63,50,2,1),(64,'仓库编号','仓库编号','code','b506',2,64,100,2,1),(65,'仓库全名','仓库全名','fullName','b506',2,65,100,2,1),(66,'仓库拼音码','仓库拼音码','spell','b506',1,66,100,2,1),(67,'仓库简称','仓库简称','smallName','b506',1,67,100,2,1),(68,'负责人','负责人','functionary','b506',1,68,100,2,1),(69,'负责人电话','负责人电话','phone','b506',1,69,100,2,1),(70,'备注','备注','memo','b506',2,70,100,2,1),(71,'仓库地址','仓库地址','stoAddress','b506',1,71,100,2,1),(72,'状态','状态','status','b506',2,72,100,2,1),(73,'单位编号','单位编号','code','init501',2,73,80,2,1),(74,'单位全名','单位全名','fullName','init501',2,74,150,2,1),(75,'单位简名','单位简名','smallName','init501',1,75,100,2,1),(76,'单位拼音码','单位拼音码','spell','init501',1,76,100,2,1),(77,'单位地址','单位地址','address','init501',1,77,100,2,1),(78,'单位电话','单位电话','phone','init501',1,78,100,2,1),(79,'电子邮件','电子邮件','email','init501',1,79,100,2,1),(80,'联系人一','联系人一','contact1','init501',1,80,100,2,1),(81,'手机一','手机一','mobile1','init501',1,81,100,2,1),(82,'联系人二','联系人二','contact2','init501',1,82,100,2,1),(83,'手机二','手机二','mobile2','init501',1,83,100,2,1),(84,'默认经手人','默认经手人','staffFullName2','init501',1,84,100,2,1),(85,'开户银行','开户银行','bank','init501',1,85,100,2,1),(86,'银行账号','银行账号','bankAccount','init501',1,86,100,2,1),(87,'邮政编码','邮政编码','zipCode','init501',1,87,100,2,1),(88,'传真','传真','fax','init501',1,88,100,2,1),(89,'税号','税号','tariff','init501',1,89,100,2,1),(90,'地区全名','地区全名','areaFullName2','init501',1,90,100,2,1),(91,'适用价格','适用价格','fitPrice','init501',1,91,100,2,1),(92,'状态','状态','status','init501',1,92,100,2,1),(93,'期初应收款','期初应收款','beginGetMoneys','init501',2,93,100,2,2),(94,'期初应付款','期初应付款','beginPayMoneys','init501',2,94,100,2,2),(95,'商品编号','商品编号','pro.code','init502',2,95,80,2,1),(96,'商品全名','商品全名','pro.fullName','init502',2,96,150,2,1),(97,'商品简名','商品简名','pro.smallName','init502',1,97,100,2,1),(98,'商品拼音码','商品拼音码','pro.spell','init502',1,98,100,2,1),(99,'商品规格','规格','pro.standard','init502',2,99,100,2,1),(100,'商品型号','商品型号','pro.model','init502',1,100,100,2,1),(101,'商品产地','商品产地','pro.field','init502',1,101,100,2,1),(102,'商品图片','商品图片','pro.savePath','init502',1,102,100,1,1),(103,'基本条码','基本条码','pro.barCode1','init502',1,103,100,2,1),(104,'基本单位','基本单位','pro.calculateUnit1','init502',2,104,100,2,1),(105,'辅助单位','辅助单位','pro.assistUnit','init502',1,105,100,2,1),(106,'成本单价','成本单价','avgPrice','init502',2,106,100,2,1),(107,'库存数量','库存数量','amounts','init502',2,107,100,2,2),(108,'辅助数量','辅助数量','helpAmout','init502',1,108,100,1,1),(109,'库存金额','库存金额','moneys','init502',2,109,100,2,2),(110,'商品编号','商品编号','code','cg500',2,110,80,2,1),(111,'商品全名','商品全名','fullName','cg500',2,111,150,2,1),(112,'商品简称','商品简称','smallName','cg500',1,112,100,2,1),(113,'商品拼音','商品拼音','spell','cg500',1,113,100,2,1),(114,'规格','规格','standard','cg500',2,114,100,2,1),(115,'型号','型号','model','cg500',1,115,100,2,1),(116,'产地','产地','field','cg500',1,116,100,2,1),(117,'图片','图片','savePath','cg500',2,117,100,1,1),(118,'辅助单位','辅助单位','assistUnit','cg500',1,118,100,2,1),(119,'辅助进货数量','辅助进货数量','helpAmount','cg500',1,119,100,1,1),(120,'进货数量','进货数量','baseAmount','cg500',2,120,100,2,1),(121,'折后均价','折后均价','avgPrice','cg500',2,121,100,2,1),(122,'折后金额','折后金额','discountMoney','cg500',2,122,100,2,1),(123,'含税单价','含税单价','taxPrice','cg500',1,123,100,2,1),(124,'税额','税额','taxes','cg500',1,124,100,2,1),(125,'价税合计','价税合计','taxMoney','cg500',1,125,100,2,1),(126,'赠品数量','赠品数量','giftAmount','cg500',2,126,100,2,1),(127,'赠品零售额','赠品零售额','retailMoney','cg500',2,127,100,2,1),(128,'单据类型','单据类型','type','cg501',2,128,100,2,1),(129,'日期','日期','recodeDate','cg501',2,129,100,2,1),(130,'单据编号','单据编号','detail.code','cg501',2,130,100,2,1),(131,'摘要','摘要','remark','cg501',2,131,100,2,1),(132,'商品编号','商品编号','product.code','cg501',2,132,100,2,1),(133,'商品全名','商品全名','product.fullName','cg501',2,133,100,2,1),(134,'商品简称','商品简称','product.smallName','cg501',2,134,100,2,1),(135,'商品拼音','商品拼音','product.spell','cg501',2,135,100,2,1),(136,'规格','规格','product.standard','cg501',2,136,100,2,1),(137,'型号','型号','product.model','cg501',2,137,100,2,1),(138,'产地','产地','product.field','cg501',2,138,100,2,1),(139,'图片','图片','product.savePath','cg501',2,139,100,1,1),(140,'仓库编号','仓库编号','storageCode','cg501',2,140,100,2,1),(141,'仓库全名','仓库全名','storageName','cg501',2,141,100,2,1),(142,'单位编号','单位编号','unitCode','cg501',2,142,100,2,1),(143,'单位全名','单位全名','unitName','cg501',2,143,100,2,1),(144,'进货数量','进货数量','pAmount','cg501',2,144,100,2,1),(145,'退货数量','退货数量','rAmount','cg501',2,145,100,2,1),(146,'单价','单价','basePrice','cg501',2,146,100,2,1),(147,'金额','金额','money','cg501',2,147,100,2,1),(148,'单位编号','单位编号','code','cg502',2,148,80,2,1),(149,'单位全名','单位全名','fullName','cg502',2,149,150,2,1),(150,'进货数量','进货数量','baseAmount','cg502',2,150,100,2,1),(151,'折后均价','折后均价','avgPrice','cg502',2,151,100,2,1),(152,'折后金额','折后金额','discountMoney','cg502',2,152,100,2,1),(153,'含税单价','含税单价','taxPrice','cg502',1,153,100,2,1),(154,'税额','税额','taxes','cg502',1,154,100,2,1),(155,'价税合计','价税合计','taxMoney','cg502',1,155,100,2,1),(156,'进货次数','进货次数','several','cg502',2,156,100,2,1),(157,'赠品数量','赠品数量','giftAmount','cg502',2,157,100,2,1),(158,'赠品零售额','赠品零售额','retailMoney','cg502',2,158,100,2,1),(159,'商品编号','商品编号','code','cg503',2,159,80,2,1),(160,'商品全名','商品全名','fullName','cg503',2,160,150,2,1),(161,'商品简称','商品简称','smallName','cg503',1,161,100,2,1),(162,'商品拼音','商品拼音','spell','cg503',1,162,100,2,1),(163,'规格','规格','standard','cg503',2,163,100,2,1),(164,'型号','型号','model','cg503',1,164,100,2,1),(165,'产地','产地','field','cg503',1,165,100,2,1),(166,'图片','图片','savePath','cg503',2,166,100,1,1),(167,'辅助单位','辅助单位','assistUnit','cg503',1,167,100,2,1),(168,'辅助进货数量','辅助进货数量','helpAmount','cg503',1,168,100,1,1),(169,'进货数量','进货数量','baseAmount','cg503',2,169,100,2,1),(170,'进货金额','进货金额','money','cg503',2,170,100,2,1),(171,'入库数量','入库数量','putAmount','cg503',2,171,100,2,1),(172,'入库金额','入库金额','putMoney','cg503',2,172,100,2,1),(173,'退货数量','退货数量','returnAmount','cg503',2,173,100,2,1),(174,'退货金额','退货金额','returnMoney','cg503',2,174,100,2,1),(175,'退货率（%）','退货率（%）','returnRate','cg503',2,175,100,2,1),(176,'单位编号','单位编号','code','cg504',2,176,100,2,1),(177,'单位全名','单位全名','fullName','cg504',2,177,100,2,1),(178,'入库金额','入库金额','money','cg504',2,178,100,2,1),(179,'退货金额','退货金额','returnMoney','cg504',2,179,100,2,1),(180,'退货率（%）','退货率（%）','returnRate','cg504',2,180,100,2,1),(181,'单位编号','单位编号','code','cg505',2,181,100,2,1),(182,'单位全名','单位全名','fullName','cg505',2,182,100,2,1),(183,'进货金额','进货金额','taxMoneys','cg505',2,183,100,2,1),(184,'优惠金额','优惠金额','privilege','cg505',2,184,100,2,1),(185,'优惠后金额','优惠后金额','privilegeMoney','cg505',2,185,100,2,1),(186,'职员编号','职员编号','code','cg506',2,186,100,2,1),(187,'职员全名','职员全名','name','cg506',2,187,100,2,1),(188,'进货金额','进货金额','taxMoneys','cg506',2,188,100,2,1),(189,'优惠金额','优惠金额','privilege','cg506',2,189,100,2,1),(190,'优惠后金额','优惠后金额','privilegeMoney','cg506',2,190,100,2,1),(191,'部门编号','部门编号','code','cg507',2,191,100,2,1),(192,'部门全名','部门全名','fullName','cg507',2,192,100,2,1),(193,'进货金额','进货金额','taxMoneys','cg507',2,193,100,2,1),(194,'优惠金额','优惠金额','privilege','cg507',2,194,100,2,1),(195,'优惠后金额','优惠后金额','privilegeMoney','cg507',2,195,100,2,1),(196,'日期','日期','recodeDate','cg508',2,196,100,2,1),(197,'单据编号','单据编号','code','cg508',2,197,100,2,1),(198,'摘要','摘要','remark','cg508',2,198,100,2,1),(199,'单位编号','单位编号','unitCode','cg508',2,199,100,2,1),(200,'单位全名','单位全名','unitName','cg508',2,200,100,2,1),(201,'进货金额','进货金额','taxMoneys','cg508',2,201,100,2,1),(202,'优惠金额','优惠金额','privilege','cg508',2,202,100,2,1),(203,'优惠后金额','优惠后金额','privilegeMoney','cg508',2,203,100,2,1),(204,'日期','日期','recodeDate','cg509',2,204,100,2,1),(205,'单据编号','单据编号','code','cg509',2,205,100,2,1),(206,'摘要','摘要','remark','cg509',2,206,100,2,1),(207,'职员编号','职员编号','staffCode','cg509',2,207,100,2,1),(208,'职员全名','职员全名','staffName','cg509',2,208,100,2,1),(209,'进货金额','进货金额','taxMoneys','cg509',2,209,100,2,1),(210,'优惠金额','优惠金额','privilege','cg509',2,210,100,2,1),(211,'优惠后金额','优惠后金额','privilegeMoney','cg509',2,211,100,2,1),(212,'日期','日期','recodeDate','cg5010',2,212,100,2,1),(213,'单据编号','单据编号','code','cg5010',2,213,100,2,1),(214,'摘要','摘要','remark','cg5010',2,214,100,2,1),(215,'部门编号','部门编号','departmentCode','cg5010',2,215,100,2,1),(216,'部门全名','部门全名','departmentName','cg5010',2,216,100,2,1),(217,'进货金额','进货金额','taxMoneys','cg5010',2,217,100,2,1),(218,'优惠金额','优惠金额','privilege','cg5010',2,218,100,2,1),(219,'优惠后金额','优惠后金额','privilegeMoney','cg5010',2,219,100,2,1),(220,'商品编号','商品编号','code','cg5011',2,220,100,2,1),(221,'商品全名','商品全名','fullName','cg5011',2,221,100,2,1),(222,'商品简称','商品简称','smallName','cg5011',2,222,100,2,1),(223,'商品拼音','商品拼音','spell','cg5011',2,223,100,2,1),(224,'规格','规格','standard','cg5011',2,224,100,2,1),(225,'型号','型号','model','cg5011',2,225,100,2,1),(226,'产地','产地','field','cg5011',2,226,100,2,1),(227,'图片','图片','savePath','cg5011',2,227,100,1,1),(228,'单据类型','单据类型','type','cg5012',2,228,100,1,1),(229,'订单编号','订单编号','code','cg5012',2,229,100,2,1),(230,'日期','日期','recodeDate','cg5012',2,230,100,2,1),(231,'存盘时间','存盘时间','updateTime','cg5012',2,231,100,2,1),(232,'单位编号','单位编号','unitCode','cg5012',2,232,100,2,1),(233,'单位全称','单位全称','unitName','cg5012',2,233,100,2,1),(234,'经手人编号','经手人编号','staffCode','cg5012',2,234,100,2,1),(235,'经手人全名','经手人全名','staffName','cg5012',2,235,100,2,1),(236,'到期日期','到期日期','deliveryDate','cg5012',2,236,100,2,1),(237,'折前金额','折前金额','moneys','cg5012',2,237,100,2,1),(238,'折后金额','折后金额','discountMoneys','cg5012',2,238,100,2,1),(239,'税后金额','税后金额','taxMoneys','cg5012',2,239,100,2,1),(240,'是否完成','是否完成','status','cg5012',2,240,100,2,1),(241,'附加说明','附加说明','memo','cg5012',2,241,100,2,1),(242,'单据类型','单据类型','type','cg5013',2,242,100,2,1),(243,'单据编号','单据编号','code','cg5013',2,243,100,2,1),(244,'执行日期','执行日期','updateTime','cg5013',2,244,100,2,1),(245,'摘要','摘要','remark','cg5013',2,245,100,2,1),(246,'执行人编号','执行人编号','staffCode','cg5013',2,246,100,2,1),(247,'执行人全名','执行人全名','staffName','cg5013',2,247,100,2,1),(248,'执行人','执行人','username','cg5013',2,248,100,2,1),(249,'部门编号','部门编号','departmentCode','cg5013',2,249,100,2,1),(250,'部门全称','部门全称','departmentName','cg5013',2,250,100,2,1),(251,'金额','金额','moneys','cg5013',2,251,100,2,1),(252,'附加说明','附加说明','memo','cg5013',2,252,100,2,1),(253,'商品编号','商品编号','product.code','cg5014',2,253,80,2,1),(254,'商品全名','商品全名','product.fullName','cg5014',2,254,150,2,1),(255,'商品简称','商品简称','product.smallName','cg5014',1,255,100,2,1),(256,'商品拼音','商品拼音','product.spell','cg5014',1,256,100,2,1),(257,'规格','规格','product.standard','cg5014',2,257,100,2,1),(258,'型号','型号','product.model','cg5014',1,258,100,2,1),(259,'产地','产地','product.field','cg5014',1,259,100,2,1),(260,'图片','图片','product.savePath','cg5014',2,260,100,1,1),(261,'订货进价','订货进价','basePricAvg','cg5014',2,261,100,2,1),(262,'订货数量','订货数量','baseAmountSum','cg5014',2,262,100,2,1),(263,'订货辅助数量','订货辅助数量','helpAmountBase','cg5014',1,270,100,1,1),(264,'补订数量','补订数量','replenishAmountSum','cg5014',2,268,100,2,1),(265,'补订辅助数量','补订辅助数量','helpAmountReplenish','cg5014',1,271,100,1,1),(266,'完成数量','完成数量','arrivalAmountSum','cg5014',2,264,100,2,1),(267,'完成辅助数量','完成辅助数量','helpAmountArrival','cg5014',1,272,100,1,1),(268,'强制完成数量','强制完成数量','forceAmountSum','cg5014',2,273,100,2,1),(269,'强制辅助数量','强制辅助数量','helpAmountForce','cg5014',1,274,100,1,1),(270,'未完成数量','未完成数量','untreatedAmountSum','cg5014',2,266,100,2,1),(271,'未完成辅助数量','未完成辅助数量','helpAmountUntreated','cg5014',1,275,100,1,1),(272,'订货金额','订货金额','bargainMoneySum','cg5014',2,263,100,2,1),(273,'补订货金额','补订货金额','replenishMoneySum','cg5014',2,269,100,2,1),(274,'完成金额','完成金额','arrivalMoneySum','cg5014',2,265,100,2,1),(275,'强制完成金额','强制完成金额','forceMoneySum','cg5014',2,276,100,2,1),(276,'未完成金额','未完成金额','untreatedMoneySum','cg5014',2,267,100,2,1),(277,'赠品数量','赠品数量','giftAmountSum','cg5014',2,277,100,2,1),(278,'赠品辅助数量','赠品辅助数量','helpAmountGift','cg5014',2,278,100,1,1),(279,'单位编号','单位编号','unit.code','cg5015',2,279,100,2,1),(280,'单位全名','单位全名','unit.fullName','cg5015',2,280,100,2,1),(281,'订货进价','订货进价','basePricAvg','cg5015',2,281,100,2,1),(282,'订货数量','订货数量','baseAmountSum','cg5015',2,282,100,2,1),(283,'补订数量','补订数量','replenishAmountSum','cg5015',2,288,100,2,1),(284,'完成数量','完成数量','arrivalAmountSum','cg5015',2,283,100,2,1),(285,'强制完成数量','强制完成数量','forceAmountSum','cg5015',2,290,100,2,1),(286,'未完成数量','未完成数量','untreatedAmountSum','cg5015',2,285,100,2,1),(287,'订货金额','订货金额','bargainMoneySum','cg5015',1,302,100,2,1),(288,'补订货金额','补订货金额','replenishMoneySum','cg5015',2,289,100,2,1),(289,'完成金额','完成金额','arrivalMoneySum','cg5015',2,284,100,2,1),(290,'强制完成金额','强制完成金额','forceMoneySum','cg5015',2,291,100,2,1),(291,'未完成金额','未完成金额','untreatedMoneySum','cg5015',2,286,100,2,1),(292,'赠品数量','赠品数量','giftAmountSum','cg5015',2,292,100,2,1),(293,'职员编号','职员编号','staff.code','cg5016',2,287,100,2,1),(294,'职员全名','职员全名','staff.name','cg5016',2,293,100,2,1),(295,'订货进价','订货进价','basePricAvg','cg5016',2,294,100,2,1),(296,'订货数量','订货数量','baseAmountSum','cg5016',2,295,100,2,1),(297,'补订数量','补订数量','replenishAmountSum','cg5016',2,301,100,2,1),(298,'完成数量','完成数量','arrivalAmountSum','cg5016',2,297,100,2,1),(299,'强制完成数量','强制完成数量','forceAmountSum','cg5016',2,304,100,2,1),(300,'未完成数量','未完成数量','untreatedAmountSum','cg5016',2,299,100,2,1),(301,'订货金额','订货金额','bargainMoneySum','cg5016',2,296,100,2,1),(302,'补订货金额','补订货金额','replenishMoneySum','cg5016',1,303,100,2,1),(303,'完成金额','完成金额','arrivalMoneySum','cg5016',2,298,100,2,1),(304,'强制完成金额','强制完成金额','forceMoneySum','cg5016',2,305,100,2,1),(305,'未完成金额','未完成金额','untreatedMoneySum','cg5016',2,300,100,2,1),(306,'赠品数量','赠品数量','giftAmountSum','cg5016',2,306,100,2,1),(307,'商品编号','商品编号','product.code','cg5017',2,307,100,2,1),(308,'商品全名','商品全名','product.fullName','cg5017',2,308,100,2,1),(309,'商品简称','商品简称','product.smallName','cg5017',2,309,100,2,1),(310,'商品拼音','商品拼音','product.spell','cg5017',2,310,100,2,1),(311,'规格','规格','product.standard','cg5017',2,311,100,2,1),(312,'型号','型号','product.model','cg5017',2,312,100,2,1),(313,'产地','产地','product.field','cg5017',2,313,100,2,1),(314,'图片','图片','product.savePath','cg5017',2,314,100,1,1),(315,'订货辅助数量','订货辅助数量','helpAmounteBase','cg5017',2,315,100,1,1),(316,'单位编号','单位编号','unit.code','cg5017',2,316,100,2,1),(317,'单位全名','单位全名','unit.fullName','cg5017',2,317,100,2,1),(318,'订货日期','订货日期','updateTime','cg5017',2,318,100,2,1),(319,'到货日期','到货日期','deliveryDate','cg5017',2,319,100,2,1),(320,'订货数量','订货数量','baseAmount','cg5017',2,320,100,2,1),(321,'补订数量','补订数量','replenishAmount','cg5017',2,321,100,2,1),(322,'完成数量','完成数量','arrivalAmount','cg5017',2,322,100,2,1),(323,'强制完成数量','强制完成数量','forceAmount','cg5017',2,323,100,2,1),(324,'未完成数量','未完成数量','untreatedAmount','cg5017',2,324,100,2,1),(325,'订货金额','订货金额','bargainMoney','cg5017',2,325,100,2,1),(326,'补订货金额','补订货金额','replenishMoney','cg5017',2,326,100,2,1),(327,'完成金额','完成金额','arrivalMoney','cg5017',2,327,100,2,1),(328,'强制完成金额','强制完成金额','forceMoney','cg5017',2,328,100,2,1),(329,'未完成金额','未完成金额','untreatedMoney','cg5017',2,329,100,2,1),(330,'赠品数量','赠品数量','giftAmount','cg5017',2,330,100,2,1),(331,'单据类型','单据类型','type','cg5018',2,331,100,1,1),(332,'订单编号','订单编号','code','cg5018',2,332,100,2,1),(333,'日期','日期','recodeDate','cg5018',2,333,100,2,1),(334,'商品编号','商品编号','product.code','cg5018',2,335,100,2,1),(335,'商品全名','商品全名','product.fullName','cg5018',2,336,100,2,1),(336,'订货辅助数量','订货辅助数量','helpAmountBase','cg5018',1,341,100,1,1),(337,'单位编号','单位编号','unit.code','cg5018',2,337,100,2,1),(338,'单位全名','单位全名','unit.fullName','cg5018',2,338,100,2,1),(339,'经手人编号','经手人编号','staff.code','cg5018',1,339,100,2,1),(340,'经手人全名','经手人全名','staff.name','cg5018',1,340,100,2,1),(341,'仓库编号','仓库编号','storage.code','cg5018',1,342,100,2,1),(342,'仓库全名','仓库全名','storage.fullName','cg5018',1,343,100,2,1),(343,'交货日期','交货日期','deliveryDate','cg5018',2,334,100,2,1),(344,'订货进价','订货进价','basePrice','cg5018',2,344,100,2,1),(345,'订货数量','订货数量','baseAmount','cg5018',2,345,100,2,2),(346,'补订数量','补订数量','replenishAmount','cg5018',2,351,100,2,2),(347,'完成数量','完成数量','arrivalAmount','cg5018',2,347,100,2,2),(348,'强制完成数量','强制完成数量','forceAmount','cg5018',2,353,100,2,2),(349,'未完成数量','未完成数量','untreatedAmount','cg5018',2,349,100,2,2),(350,'订货金额','订货金额','bargainMoney','cg5018',2,346,100,2,2),(351,'补订货金额','补订货金额','replenishMoney','cg5018',2,352,100,2,2),(352,'完成金额','完成金额','arrivalMoney','cg5018',2,348,100,2,2),(353,'强制完成金额','强制完成金额','forceMoney','cg5018',2,354,100,2,2),(354,'未完成金额','未完成金额','untreatedMoney','cg5018',2,350,100,2,2),(355,'赠品数量','赠品数量','giftAmount','cg5018',2,355,100,2,2),(356,'摘要','摘要','remark','cg5018',1,356,100,2,1),(357,'附加说明','附加说明','memo','cg5018',1,357,100,2,1),(358,'商品编号','商品编号','code','xs500',2,358,80,2,1),(359,'商品全名','商品全名','fullName','xs500',2,359,150,2,1),(360,'商品简称','商品简称','smallName','xs500',1,360,100,2,1),(361,'商品拼音','商品拼音','spell','xs500',1,361,100,2,1),(362,'规格','规格','standard','xs500',2,362,100,2,1),(363,'型号','型号','model','xs500',1,363,100,2,1),(364,'产地','产地','field','xs500',1,364,100,2,1),(365,'图片','图片','savePath','xs500',2,365,100,1,1),(366,'销售数量','销售数量','sellAmount','xs500',2,366,100,2,2),(367,'辅助单位','辅助单位','assistUnit','xs500',1,367,100,2,1),(369,'折后销售均价','折后销售均价','sellDiscountAvgPrice','xs500',2,369,100,2,1),(370,'折后金额','折后金额','sellDiscountMoney','xs500',2,370,100,2,2),(371,'税额','税额','sellTaxes','xs500',1,371,100,2,2),(372,'含税单价','含税单价','sellTaxAvgPrice','xs500',1,372,100,2,1),(373,'价税合计','价税合计','sellTaxMoney','xs500',1,373,100,2,2),(374,'赠品数量','赠品数量','sellGiftAmount','xs500',2,374,100,2,2),(375,'赠品零售额','赠品零售额','sellGiftRetailPrice1','xs500',2,375,100,2,2),(376,'赠品金额','赠品金额','sellGiftMoney','xs500',2,376,100,2,2),(377,'单位编号','单位编号','code','xs501',2,377,100,2,1),(378,'单位全名','单位全名','fullName','xs501',2,378,100,2,1),(379,'销售数量','销售数量','sellAmount','xs501',2,379,100,2,2),(380,'折后销售均价','折后销售均价','sellDiscountAvgPrice','xs501',2,380,100,2,1),(381,'折后金额','折后金额','sellDiscountMoney','xs501',2,381,100,2,2),(382,'税额','税额','sellTaxes','xs501',1,382,100,2,2),(383,'含税单价','含税单价','sellTaxAvgPrice','xs501',1,383,100,2,1),(384,'价税合计','价税合计','sellTaxMoney','xs501',1,384,100,2,2),(385,'销售次数','销售次数','sellCounts','xs501',2,385,100,2,2),(386,'优惠金额','优惠金额','privilege','xs501',2,386,100,2,2),(387,'优惠后金额','优惠后金额','privilegeMoney','xs501',2,387,100,2,2),(388,'赠品数量','赠品数量','sellGiftAmount','xs501',2,388,100,2,2),(389,'赠品零售额','赠品零售额','sellGiftRetailPrice1','xs501',2,389,100,2,2),(390,'赠品金额','赠品金额','sellGiftMoney','xs501',2,390,100,2,2),(391,'商品编号','商品编号','code','xs502',2,391,80,2,1),(392,'商品全名','商品全名','fullName','xs502',2,392,150,2,1),(393,'商品简称','商品简称','smallName','xs502',1,393,100,2,1),(394,'商品拼音','商品拼音','spell','xs502',1,394,100,2,1),(395,'规格','规格','standard','xs502',2,395,100,2,1),(396,'型号','型号','model','xs502',1,396,100,2,1),(397,'产地','产地','field','xs502',1,397,100,2,1),(398,'图片','图片','savePath','xs502',2,398,100,1,1),(399,'销售数量','销售数量','sellAmount','xs502',2,399,100,2,2),(400,'销售折后金额','销售折后金额','sellTaxMoney','xs502',2,400,100,2,2),(401,'销售退货数量','销售退货数量','sellInAmount','xs502',2,401,100,2,2),(402,'销售退货折后金额','销售退货折后金额','sellInMoney','xs502',2,402,100,2,2),(403,'销售出库数量','销售出库数量','sellOutAmount','xs502',2,403,100,2,2),(404,'销售出库金额','销售出库金额','sellOutMoney','xs502',2,404,100,2,2),(405,'退货率(%)','退货率(%)','returnPrecent','xs502',2,405,100,2,1),(406,'单位编号','单位编号','code','xs503',2,406,100,2,1),(407,'单位全名','单位全名','fullName','xs503',2,407,100,2,1),(408,'销售出库金额','销售出库金额','sellTaxMoney','xs503',2,408,100,2,2),(409,'销售退货折后金额','销售退货折后金额','sellReturnTaxMoney','xs503',2,409,100,2,2),(410,'退货率(%)','退货率(%)','returnPrecent','xs503',2,410,100,2,1),(411,'编号','编号','code','xs504',2,411,100,2,1),(412,'全名','全名','fullName','xs504',2,412,100,2,1),(413,'价税合计','价税合计','taxMoneys','xs504',2,413,100,2,2),(414,'优惠金额','优惠金额','privilege','xs504',2,414,100,2,2),(415,'优惠后金额','优惠后金额','privilegeMoney','xs504',2,415,100,2,2),(416,'日期','日期','recodeDate','xs505',2,416,100,2,1),(417,'单据类型','单据类型','billTypeId','xs505',2,417,100,1,1),(418,'单据编号','单据编号','t.code','xs505',2,418,100,2,1),(419,'单位编号','单位编号','unit.code','xs505',2,419,100,2,1),(420,'单位全称','单位全称','unit.fullName','xs505',2,420,100,2,1),(421,'仓库编号','仓库编号','storage.code','xs505',1,421,100,2,1),(422,'仓库全称','仓库全称','storage.fullName','xs505',1,422,100,2,1),(423,'折后销售收入','销售收入','sellTaxMoney','xs505',2,423,100,2,2),(424,'销售成本','销售成本','sellCostMoney','xs505',2,424,100,2,2),(425,'销售毛利','销售毛利','sellWinMoney','xs505',2,425,100,2,2),(426,'摘要','摘要','remark','xs505',2,426,100,2,1),(427,'职员编号','职员编号','staff.code','xs505',1,427,100,2,1),(428,'职员全称','职员全称','staff.fullName','xs505',1,428,100,2,1),(429,'部门编号','部门编号','department.code','xs505',1,429,100,2,1),(430,'部门全称','部门全称','department.fullName','xs505',1,430,100,2,1),(431,'商品编号','商品编号','code','xs506',2,431,80,2,1),(432,'商品全名','商品全名','fullName','xs506',2,432,150,2,1),(433,'商品简称','商品简称','smallName','xs506',1,433,100,2,1),(434,'商品拼音','商品拼音','spell','xs506',1,434,100,2,1),(435,'规格','规格','standard','xs506',2,435,100,2,1),(436,'型号','型号','model','xs506',1,436,100,2,1),(437,'产地','产地','field','xs506',1,437,100,2,1),(438,'图片','图片','savePath','xs506',2,438,100,1,1),(439,'辅助单位','辅助单位','assistUnit','xs506',1,439,100,2,1),(440,'辅助销售数量','辅助销售数量','helpAmount','xs506',1,440,100,1,1),(441,'销售单价','销售单价','avgPrice','xs506',2,441,100,2,1),(442,'销售数量','销售数量','sellAmount','xs506',2,442,100,2,2),(443,'其中赠送数量','其中赠送数量','sellGiftAmount','xs506',2,443,100,2,2),(444,'折前金额','折前金额','money','xs506',2,444,100,2,2),(445,'折扣金额','折扣金额','sellDiscountHasMoney','xs506',2,445,100,2,2),(446,'折后单价','折后单价','sellDiscountAvgPrice','xs506',2,446,100,2,1),(447,'折后金额','折后金额','sellDiscountMoney','xs506',2,447,100,2,2),(448,'税后单价','税后单价','sellTaxAvgPrice','xs506',1,448,100,2,1),(449,'税额','税额','sellTaxes','xs506',1,449,100,2,2),(450,'价税合计','价税合计','sellTaxMoney','xs506',1,450,100,2,2),(451,'成本单价','成本单价','sellCostMoneyAvgPrice','xs506',2,451,100,2,1),(452,'成本金额','成本金额','sellCostMoney','xs506',2,452,100,2,2),(453,'毛利','毛利','profit','xs506',2,453,100,2,2),(454,'毛利率(%)','毛利率(%)','profitPercent','xs506',2,454,100,2,1),(455,'销售比重(%)','销售比重(%)','allSellPercent','xs506',2,455,100,2,1),(456,'利润比重(%)','利润比重(%)','allProfitPercent','xs506',2,456,100,2,1),(457,'客户编号','客户编号','code','xs507',2,457,100,2,1),(458,'客户全名','客户全名','fullName','xs507',2,458,100,2,1),(459,'销售数量','销售数量','sellAmount','xs507',2,459,100,2,2),(460,'其中赠送数量','其中赠送数量','sellGiftAmount','xs507',2,460,100,2,2),(461,'折前金额','折前金额','money','xs507',2,461,100,2,2),(462,'折扣金额','折扣金额','sellDiscountHasMoney','xs507',2,462,100,2,2),(463,'折后单价','折后单价','sellDiscountAvgPrice','xs507',2,463,100,2,1),(464,'折后金额','折后金额','sellDiscountMoney','xs507',2,464,100,2,2),(465,'税后单价','税后单价','sellTaxAvgPrice','xs507',1,465,100,2,1),(466,'税额','税额','sellTaxes','xs507',1,466,100,2,2),(467,'价税合计','价税合计','sellTaxMoney','xs507',1,467,100,2,2),(468,'成本单价','成本单价','sellCostMoneyAvgPrice','xs507',2,468,100,2,1),(469,'成本金额','成本金额','sellCostMoney','xs507',2,469,100,2,2),(470,'毛利','毛利','profit','xs507',2,470,100,2,2),(471,'毛利率(%)','毛利率(%)','profitPercent','xs507',2,471,100,2,1),(472,'销售比重(%)','销售比重(%)','allSellPercent','xs507',2,472,100,2,1),(473,'利润比重(%)','利润比重(%)','allProfitPercent','xs507',2,473,100,2,1),(474,'职员编号','职员编号','code','xs508',2,474,100,2,1),(475,'职员全名','职员全名','fullName','xs508',2,475,100,2,1),(476,'销售数量','销售数量','sellAmount','xs508',2,476,100,2,2),(477,'其中赠送数量','其中赠送数量','sellGiftAmount','xs508',2,477,100,2,2),(478,'折前金额','折前金额','money','xs508',2,478,100,2,2),(479,'折扣金额','折扣金额','sellDiscountHasMoney','xs508',2,479,100,2,2),(480,'折后单价','折后单价','sellDiscountAvgPrice','xs508',2,480,100,2,1),(481,'折后金额','折后金额','sellDiscountMoney','xs508',2,481,100,2,2),(482,'税后单价','税后单价','sellTaxAvgPrice','xs508',1,482,100,2,1),(483,'税额','税额','sellTaxes','xs508',1,483,100,2,2),(484,'价税合计','价税合计','sellTaxMoney','xs508',1,484,100,2,2),(485,'成本单价','成本单价','sellCostMoneyAvgPrice','xs508',2,485,100,2,1),(486,'成本金额','成本金额','sellCostMoney','xs508',2,486,100,2,2),(487,'毛利','毛利','profit','xs508',2,487,100,2,2),(488,'毛利率(%)','毛利率(%)','profitPercent','xs508',2,488,100,2,1),(489,'销售比重(%)','销售比重(%)','allSellPercent','xs508',2,489,100,2,1),(490,'利润比重(%)','利润比重(%)','allProfitPercent','xs508',2,490,100,2,1),(491,'部门编号','部门编号','code','xs509',2,491,100,2,1),(492,'部门全名','部门全名','fullName','xs509',2,492,100,2,1),(493,'销售数量','销售数量','sellAmount','xs509',2,493,100,2,2),(494,'其中赠送数量','其中赠送数量','sellGiftAmount','xs509',2,494,100,2,2),(495,'折前金额','折前金额','money','xs509',2,495,100,2,2),(496,'折扣金额','折扣金额','sellDiscountHasMoney','xs509',2,496,100,2,2),(497,'折后单价','折后单价','sellDiscountAvgPrice','xs509',2,497,100,2,1),(498,'折后金额','折后金额','sellDiscountMoney','xs509',2,498,100,2,2),(499,'税后单价','税后单价','sellTaxAvgPrice','xs509',1,499,100,2,1),(500,'税额','税额','sellTaxes','xs509',1,500,100,2,2),(501,'价税合计','价税合计','sellTaxMoney','xs509',1,501,100,2,2),(502,'成本单价','成本单价','sellCostMoneyAvgPrice','xs509',2,502,100,2,1),(503,'成本金额','成本金额','sellCostMoney','xs509',2,503,100,2,2),(504,'毛利','毛利','profit','xs509',2,504,100,2,2),(505,'毛利率(%)','毛利率(%)','profitPercent','xs509',2,505,100,2,1),(506,'销售比重(%)','销售比重(%)','allSellPercent','xs509',2,506,100,2,1),(507,'利润比重(%)','利润比重(%)','allProfitPercent','xs509',2,507,100,2,1),(508,'仓库编号','仓库编号','code','xs510',2,508,100,2,1),(509,'仓库全名','仓库全名','fullName','xs510',2,509,100,2,1),(510,'销售数量','销售数量','sellAmount','xs510',2,510,100,2,2),(511,'其中赠送数量','其中赠送数量','sellGiftAmount','xs510',2,511,100,2,2),(512,'折前金额','折前金额','money','xs510',2,512,100,2,2),(513,'折扣金额','折扣金额','sellDiscountHasMoney','xs510',2,513,100,2,2),(514,'折后单价','折后单价','sellDiscountAvgPrice','xs510',2,514,100,2,1),(515,'折后金额','折后金额','sellDiscountMoney','xs510',2,515,100,2,2),(516,'税后单价','税后单价','sellTaxAvgPrice','xs510',1,516,100,2,1),(517,'税额','税额','sellTaxes','xs510',1,517,100,2,2),(518,'价税合计','价税合计','sellTaxMoney','xs510',1,518,100,2,2),(519,'成本单价','成本单价','sellCostMoneyAvgPrice','xs510',2,519,100,2,1),(520,'成本金额','成本金额','sellCostMoney','xs510',2,520,100,2,2),(521,'毛利','毛利','profit','xs510',2,521,100,2,2),(522,'毛利率(%)','毛利率(%)','profitPercent','xs510',2,522,100,2,1),(523,'销售比重(%)','销售比重(%)','allSellPercent','xs510',2,523,100,2,1),(524,'利润比重(%)','利润比重(%)','allProfitPercent','xs510',2,524,100,2,1),(525,'地区编号','地区编号','code','xs511',2,525,100,2,1),(526,'地区全名','地区全名','fullName','xs511',2,526,100,2,1),(527,'销售数量','销售数量','sellAmount','xs511',2,527,100,2,2),(528,'其中赠送数量','其中赠送数量','sellGiftAmount','xs511',2,528,100,2,2),(529,'折前金额','折前金额','money','xs511',2,529,100,2,2),(530,'折扣金额','折扣金额','sellDiscountHasMoney','xs511',2,530,100,2,2),(531,'折后单价','折后单价','sellDiscountAvgPrice','xs511',2,531,100,2,1),(532,'折后金额','折后金额','sellDiscountMoney','xs511',2,532,100,2,2),(533,'税后单价','税后单价','sellTaxAvgPrice','xs511',1,533,100,2,1),(534,'税额','税额','sellTaxes','xs511',1,534,100,2,2),(535,'价税合计','价税合计','sellTaxMoney','xs511',1,535,100,2,2),(536,'成本单价','成本单价','sellCostMoneyAvgPrice','xs511',2,536,100,2,1),(537,'成本金额','成本金额','sellCostMoney','xs511',2,537,100,2,2),(538,'毛利','毛利','profit','xs511',2,538,100,2,2),(539,'毛利率(%)','毛利率(%)','profitPercent','xs511',2,539,100,2,1),(540,'销售比重(%)','销售比重(%)','allSellPercent','xs511',2,540,100,2,1),(541,'利润比重(%)','利润比重(%)','allProfitPercent','xs511',2,541,100,2,1),(542,'日期','日期','recodeDate','xs512',2,542,100,2,1),(543,'存盘时间','存盘时间','updateTime','xs512',2,543,100,2,1),(544,'订单编号','订单编号','code','xs512',2,544,100,2,1),(545,'单位编号','单位编号','unitCode','xs512',2,545,100,2,1),(546,'单位全称','单位全称','unitFullName','xs512',2,546,100,2,1),(547,'经手人编号','经手人编号','staffCode','xs512',2,547,100,2,1),(548,'经手人全名','经手人全名','staffFullName','xs512',2,548,100,2,1),(549,'到期日期','到期日期','deliveryDate','xs512',2,549,100,2,1),(550,'折前金额','折前金额','money','xs512',2,550,100,2,2),(551,'折后金额','折后金额','discountMoney','xs512',2,551,100,2,2),(552,'税后金额','税后金额','taxMoney','xs512',2,552,100,2,2),(553,'是否完成','是否完成','relStatus','xs512',2,553,100,2,1),(554,'附加说明','附加说明','memo','xs512',2,554,100,2,1),(555,'商品编号','商品编号','objCode','xs513',2,555,100,2,1),(556,'商品全称','商品全称','objFullName','xs513',2,556,100,2,1),(557,'订货售价','订货售价','basePrice','xs513',2,557,100,2,1),(558,'订货数量','订货数量','baseAmount','xs513',2,558,100,2,2),(559,'订货辅助数量','订货辅助数量','baseAmountHelp','xs513',1,572,100,1,1),(560,'订货金额','订货金额','taxMoney','xs513',2,559,100,2,2),(561,'完成数量','完成数量','arrivalAmount','xs513',2,560,100,2,2),(562,'完成辅助数量','完成辅助数量','arrivalAmountHelp','xs513',1,569,100,1,1),(563,'完成金额','完成金额','arrivalMoney','xs513',2,561,100,2,2),(564,'未完成数量','未完成数量','untreatedAmount','xs513',2,562,100,2,2),(565,'未完成辅助数量','未完成辅助数量','untreatedAmountHelp','xs513',1,570,100,1,1),(566,'未完成金额','未完成金额','untreatedMoney','xs513',2,563,100,2,2),(567,'补订数量','补订数量','replenishAmount','xs513',2,564,100,2,2),(568,'补订辅助数量','补订辅助数量','replenishAmountHelp','xs513',1,571,100,1,1),(569,'补订货金额','补订货金额','replenishMoney','xs513',2,565,100,2,2),(570,'强制完成数量','强制完成数量','forceAmount','xs513',2,566,100,2,2),(571,'强制完成辅助数量','强制完成辅助数量','forceAmountHelp','xs513',1,573,100,1,1),(572,'强制完成金额','强制完成金额','forceMoney','xs513',2,567,100,2,2),(573,'赠品数量','赠品数量','presentAmount','xs513',2,568,100,2,2),(574,'赠品辅助数量','赠品辅助数量','presentAmountHelp','xs513',1,574,100,1,1),(575,'单位编号','单位编号','objCode','xs514',2,575,100,2,1),(576,'单位全称','单位全称','objFullName','xs514',2,576,100,2,1),(577,'订货售价','订货售价','basePrice','xs514',2,577,100,2,1),(578,'订货数量','订货数量','baseAmount','xs514',2,578,100,2,2),(579,'订货金额','订货金额','taxMoney','xs514',2,579,100,2,2),(580,'完成数量','完成数量','arrivalAmount','xs514',2,580,100,2,2),(581,'完成金额','完成金额','arrivalMoney','xs514',2,581,100,2,2),(582,'未完成数量','未完成数量','untreatedAmount','xs514',2,582,100,2,2),(583,'未完成金额','未完成金额','untreatedMoney','xs514',2,583,100,2,2),(584,'补订数量','补订数量','replenishAmount','xs514',2,584,100,2,2),(585,'补订货金额','补订货金额','replenishMoney','xs514',2,585,100,2,2),(586,'强制完成数量','强制完成数量','forceAmount','xs514',2,586,100,2,2),(587,'强制完成金额','强制完成金额','forceMoney','xs514',2,587,100,2,2),(588,'赠品数量','赠品数量','presentAmount','xs514',2,588,100,2,2),(589,'经手人编号','经手人编号','objCode','xs515',2,589,100,2,1),(590,'经手人全名','经手人全名','objFullName','xs515',2,590,100,2,1),(591,'订货售价','订货售价','basePrice','xs515',2,591,100,2,1),(592,'订货数量','订货数量','baseAmount','xs515',2,592,100,2,2),(593,'订货金额','订货金额','taxMoney','xs515',2,593,100,2,2),(594,'完成数量','完成数量','arrivalAmount','xs515',2,594,100,2,2),(595,'完成金额','完成金额','arrivalMoney','xs515',2,595,100,2,2),(596,'未完成数量','未完成数量','untreatedAmount','xs515',2,596,100,2,2),(597,'未完成金额','未完成金额','untreatedMoney','xs515',2,597,100,2,2),(598,'补订数量','补订数量','replenishAmount','xs515',2,598,100,2,2),(599,'补订货金额','补订货金额','replenishMoney','xs515',2,599,100,2,2),(600,'强制完成数量','强制完成数量','forceAmount','xs515',2,600,100,2,2),(601,'强制完成金额','强制完成金额','forceMoney','xs515',2,601,100,2,2),(602,'赠品数量','赠品数量','presentAmount','xs515',2,602,100,2,2),(603,'日期','日期','recodeDate','xs516',2,603,100,2,1),(604,'单据编号','单据编号','billCode','xs516',2,604,100,2,1),(605,'商品编号','商品编号','productCode','xs516',2,605,100,2,1),(606,'商品全称','商品全称','productFullName','xs516',2,606,100,2,1),(607,'单位编号','单位编号','unitCode','xs516',2,607,100,2,1),(608,'单位全称','单位全称','unitFullName','xs516',2,608,100,2,1),(609,'经手人编号','经手人编号','staffCode','xs516',2,609,100,2,1),(610,'经手人全名','经手人全名','staffFullName','xs516',2,610,100,2,1),(611,'仓库编号','仓库编号','storageCode','xs516',2,611,100,2,1),(612,'仓库全称','仓库全称','storageFullName','xs516',2,612,100,2,1),(613,'交货日期','交货日期','deliveryDate','xs516',2,613,100,2,1),(614,'订货售价','订货售价','basePrice','xs516',2,614,100,2,1),(615,'订货数量','订货数量','baseAmount','xs516',2,615,100,2,2),(616,'订货金额','订货金额','taxMoney','xs516',2,616,100,2,2),(617,'未完成数量','未完成数量','untreatedAmount','xs516',2,617,100,2,2),(618,'未完成金额','未完成金额','untreatedMoney','xs516',2,618,100,2,2),(619,'完成数量','完成数量','arrivalAmount','xs516',2,619,100,2,2),(620,'完成金额','完成金额','arrivalMoney','xs516',2,620,100,2,2),(621,'强制完成数量','强制完成数量','forceAmount','xs516',2,621,100,2,2),(622,'强制完成金额','强制完成金额','forceMoney','xs516',2,622,100,2,2),(623,'补订数量','补订数量','replenishAmount','xs516',2,623,100,2,2),(624,'补订货金额','补订货金额','replenishMoney','xs516',2,624,100,2,2),(625,'赠品数量','赠品数量','presentAmount','xs516',2,625,100,2,2),(626,'摘要','摘要','remark','xs516',2,626,100,2,2),(627,'单据类型','单据类型','billTypeId','xs517',2,627,100,1,1),(628,'日期','日期','recodeDate','xs517',2,628,100,2,1),(629,'单据编号','单据编号','temp.code','xs517',2,629,100,2,1),(630,'摘要','摘要','remark','xs517',2,630,100,2,1),(631,'商品编号','商品编号','product.code','xs517',2,631,100,2,1),(632,'商品全名','商品全名','product.fullName','xs517',2,632,100,2,1),(633,'商品简名','商品简名','product.smallName','xs517',2,633,100,2,1),(634,'商品拼音码','商品拼音码','product.spell','xs517',2,634,100,2,1),(635,'商品规格','商品规格','product.standard','xs517',2,635,100,2,1),(636,'商品型号','商品型号','product.model','xs517',2,636,100,2,1),(637,'商品产地','商品产地','product.field','xs517',2,637,100,2,1),(638,'商品图片','商品图片','product.savePath','xs517',2,638,100,1,1),(639,'仓库编号','仓库编号','storage.code','xs517',2,639,100,2,1),(640,'仓库全名','仓库全名','storage.fullName','xs517',2,640,100,2,1),(641,'单位编号','单位编号','unit.code','xs517',2,641,100,2,1),(642,'单位全名','单位全名','unit.fullName','xs517',2,642,100,2,1),(643,'销售出库数','销售出库数','sellOutAmount','xs517',2,643,100,2,2),(644,'销售退货数','销售退货数','sellInAmount','xs517',2,644,100,2,2),(645,'税后单价','税后单价','basePrice','xs517',2,645,100,2,1),(646,'税后金额','税后金额','sellMoney','xs517',2,646,100,2,2),(647,'单据类型','单据类型','billTypeId','xs518',2,647,100,1,1),(648,'日期','日期','recodeDate','xs518',2,648,100,2,1),(649,'单据编号','单据编号','temp.code','xs518',2,649,100,2,1),(650,'摘要','摘要','remark','xs518',2,650,100,2,1),(651,'部门编号','部门编号','department.code','xs518',2,651,100,2,1),(652,'部门全名','部门全名','department.fullName','xs518',2,652,100,2,1),(653,'出库数量','出库数量','sellOutAmount','xs518',2,653,100,2,2),(654,'金额','金额','sellMoney','xs518',2,654,100,2,2),(655,'单据类型','单据类型','billTypeId','xs519',2,655,100,1,1),(656,'日期','日期','recodeDate','xs519',2,656,100,2,1),(657,'单据编号','单据编号','temp.code','xs519',2,657,100,2,1),(658,'摘要','摘要','remark','xs519',2,658,100,2,1),(659,'职员编号','职员编号','staff.code','xs519',2,659,100,2,1),(660,'职员全名','职员全名','staff.fullName','xs519',2,660,100,2,1),(661,'金额','金额','sellMoney','xs519',2,661,100,2,2),(662,'单据类型','单据类型','billTypeId','xs520',2,662,100,1,1),(663,'日期','日期','recodeDate','xs520',2,663,100,2,1),(664,'单据编号','单据编号','temp.code','xs520',2,664,100,2,1),(665,'摘要','摘要','remark','xs520',2,665,100,2,1),(666,'地区编号','地区编号','area.code','xs520',2,666,100,2,1),(667,'地区全名','地区全名','area.fullName','xs520',2,667,100,2,1),(668,'出库数量','出库数量','sellOutAmount','xs520',2,668,100,2,2),(669,'金额','金额','sellMoney','xs520',2,669,100,2,2),(670,'单据类型','单据类型','billTypeId','xs521',2,670,100,1,1),(671,'日期','日期','recodeDate','xs521',2,671,100,2,1),(672,'单据编号','单据编号','temp.code','xs521',2,672,100,2,1),(673,'摘要','摘要','remark','xs521',2,673,100,2,1),(674,'仓库编号','仓库编号','storage.code','xs521',2,674,100,2,1),(675,'仓库全名','仓库全名','storage.fullName','xs521',2,675,100,2,1),(676,'出库数量','出库数量','sellOutAmount','xs521',2,676,100,2,2),(677,'金额','金额','sellMoney','xs521',2,677,100,2,2),(678,'单据类型','单据类型','billTypeId','xs522',2,678,100,1,1),(679,'日期','日期','recodeDate','xs522',2,679,100,2,1),(680,'单据编号','单据编号','t.code','xs522',2,680,100,2,1),(681,'摘要','摘要','remark','xs522',2,681,100,2,1),(682,'单位编号','单位编号','unit.code','xs522',2,682,100,2,1),(683,'单位全名','单位全名','unit.fullName','xs522',2,683,100,2,1),(684,'价税合计','价税合计','taxMoneys','xs522',2,684,100,2,2),(685,'优惠金额','优惠金额','privilege','xs522',2,685,100,2,2),(686,'优惠后金额','优惠后金额','privilegeMoney','xs522',2,686,100,2,2),(687,'单据类型','单据类型','billTypeId','xs523',2,687,100,1,1),(688,'日期','日期','recodeDate','xs523',2,688,100,2,1),(689,'单据编号','单据编号','t.code','xs523',2,689,100,2,1),(690,'摘要','摘要','remark','xs523',2,690,100,2,1),(691,'部门编号','部门编号','department.code','xs523',2,691,100,2,1),(692,'部门全名','部门全名','department.fullName','xs523',2,692,100,2,1),(693,'价税合计','价税合计','taxMoneys','xs523',2,693,100,2,2),(694,'优惠金额','优惠金额','privilege','xs523',2,694,100,2,2),(695,'优惠后金额','优惠后金额','privilegeMoney','xs523',2,695,100,2,2),(696,'单据类型','单据类型','billTypeId','xs524',2,696,100,1,1),(697,'日期','日期','recodeDate','xs524',2,697,100,2,1),(698,'单据编号','单据编号','t.code','xs524',2,698,100,2,1),(699,'摘要','摘要','remark','xs524',2,699,100,2,1),(700,'单位编号','单位编号','staff.code','xs524',2,700,100,2,1),(701,'单位全名','单位全名','staff.fullName','xs524',2,701,100,2,1),(702,'价税合计','价税合计','taxMoneys','xs524',2,702,100,2,2),(703,'优惠金额','优惠金额','privilege','xs524',2,703,100,2,2),(704,'优惠后金额','优惠后金额','privilegeMoney','xs524',2,704,100,2,2),(705,'日期','日期','recodeDate','xs525',2,705,100,2,1),(706,'商品编号','商品编号','productCode','xs525',2,706,100,2,1),(707,'商品全称','商品全称','productFullName','xs525',2,707,100,2,1),(708,'销售单价','销售单价','basePrice','xs525',2,708,100,2,1),(709,'销售数量','销售数量','baseAmount','xs525',2,709,100,2,2),(710,'折后销售收入','折后销售收入','sellMoney','xs525',2,710,100,2,2),(711,'成本单价','成本单价','costPrice','xs525',2,711,100,2,1),(712,'成本金额','成本金额','costMoneys','xs525',2,712,100,2,2),(713,'销售毛利','销售毛利','sellWinMoney','xs525',2,713,100,2,2),(714,'单位编号','单位编号','unitCode','xs525',2,714,100,2,1),(715,'单位全名','单位全名','unitFullName','xs525',2,715,100,2,1),(716,'职员编号','职员编号','staffCode','xs525',2,716,100,2,1),(717,'职员全称','职员全称','staffFullName','xs525',2,717,100,2,1),(718,'仓库编号','仓库编号','storageCode','xs525',2,718,100,2,1),(719,'仓库全称','仓库全称','storageFullName','xs525',2,719,100,2,1),(720,'单据类型','单据类型','orderType','xs526',2,720,100,1,1),(721,'单据编号','单据编号','code','xs526',2,721,100,2,1),(722,'执行日期','执行日期','updateTime','xs526',2,722,100,2,1),(723,'摘要','摘要','remark','xs526',2,723,100,2,1),(724,'执行人编号','执行人编号','staff.code','xs526',2,724,100,2,1),(725,'执行人全称','执行人全称','staff.fullName','xs526',2,725,100,2,1),(726,'部门编号','部门编号','department.code','xs526',2,726,100,2,1),(727,'部门全称','部门全称','department.fullName','xs526',2,727,100,2,1),(728,'税后金额','税后金额','sellMoney','xs526',2,728,100,2,2),(729,'附加说明','附加说明','memo','xs526',2,729,100,2,1),(730,'商品编号','商品编号','code','xs527',2,730,100,2,1),(731,'商品全名','商品全名','fullName','xs527',2,731,100,2,1),(732,'商品简称','商品简称','smallName','xs527',2,732,100,2,1),(733,'商品拼音','商品拼音','spell','xs527',2,733,100,2,1),(734,'规格','规格','standard','xs527',2,734,100,2,1),(735,'型号','型号','model','xs527',2,735,100,2,1),(736,'产地','产地','field','xs527',2,736,100,2,1),(737,'图片','图片','savePath','xs527',2,737,100,1,1),(738,'商品编号','商品编号','code','cc500',2,738,100,2,1),(739,'商品全名','商品全名','fullName','cc500',2,739,100,2,1),(740,'商品简名','商品简名','smallName','cc500',1,740,100,2,1),(741,'商品拼音码','商品拼音码','spell','cc500',1,741,100,2,1),(742,'商品规格','规格','standard','cc500',2,742,100,2,1),(743,'商品型号','商品型号','model','cc500',1,743,100,2,1),(744,'商品产地','商品产地','field','cc500',1,744,100,2,1),(745,'商品图片','商品图片','savePath','cc500',2,745,100,1,1),(746,'其它入库数量','其它入库数量','baseAmounts','cc500',2,746,100,2,2),(747,'辅助其它入库数量','辅助其它入库数量','helpAmount','cc500',1,747,100,1,1),(748,'其它入库金额','其它入库金额','baseMoneys','cc500',2,748,100,2,2),(749,'单据类型','单据类型','modelType','cc501',2,749,100,1,1),(750,'日期','日期','recodeDate','cc501',2,750,100,2,1),(751,'单据编号','单据编号','billCode','cc501',2,751,100,2,1),(752,'商品编号','商品编号','pro.code','cc501',2,752,100,2,1),(753,'商品全名','商品全名','pro.fullName','cc501',2,753,100,2,1),(754,'商品简名','商品简名','pro.smallName','cc501',2,754,100,2,1),(755,'商品拼音码','商品拼音码','pro.spell','cc501',2,755,100,2,1),(756,'商品规格','商品规格','pro.standard','cc501',2,756,100,2,1),(757,'商品型号','商品型号','pro.model','cc501',2,757,100,2,1),(758,'商品产地','商品产地','pro.field','cc501',2,758,100,2,1),(759,'商品图片','商品图片','pro.savePath','cc501',2,759,100,1,1),(760,'仓库编号','仓库编号','sto.code','cc501',2,760,100,2,1),(761,'仓库全名','仓库全名','sto.fullName','cc501',2,761,100,2,1),(762,'单位编号','单位编号','unit.code','cc501',2,762,100,2,1),(763,'单位全名','单位全名','unit.fullName','cc501',2,763,100,2,1),(764,'会计科目编号','会计科目编号','acc.code','cc501',2,764,100,2,1),(765,'会计科目全名','会计科目全名','acc.fullName','cc501',2,765,100,2,1),(766,'数量','数量','amounts','cc501',2,766,100,2,2),(767,'金额','金额','moneys','cc501',2,767,100,2,2),(768,'摘要','摘要','billRemark','cc501',2,768,100,2,1),(769,'商品编号','商品编号','code','cc502',2,769,80,2,1),(770,'商品全名','商品全名','fullName','cc502',2,770,150,2,1),(771,'商品简名','商品简名','smallName','cc502',1,771,100,2,1),(772,'商品拼音码','商品拼音码','spell','cc502',1,772,100,2,1),(773,'商品规格','规格','standard','cc502',2,773,100,2,1),(774,'商品型号','商品型号','model','cc502',1,774,100,2,1),(775,'商品产地','商品产地','field','cc502',1,775,100,2,1),(776,'商品图片','商品图片','savePath','cc502',2,776,100,1,1),(777,'其它出库数量','其它出库数量','baseAmounts','cc502',2,777,100,2,2),(778,'辅助其它出库数量','辅助其它出库数量','helpAmount','cc502',1,778,100,1,1),(779,'其它出库金额','其它出库金额','baseMoneys','cc502',2,779,100,2,2),(780,'单据类型','单据类型','modelType','cc503',2,780,100,1,1),(781,'日期','日期','recodeDate','cc503',2,781,100,2,1),(782,'单据编号','单据编号','billCode','cc503',2,782,100,2,1),(783,'商品编号','商品编号','pro.code','cc503',2,783,100,2,1),(784,'商品全名','商品全名','pro.fullName','cc503',2,784,100,2,1),(785,'商品简名','商品简名','pro.smallName','cc503',2,785,100,2,1),(786,'商品拼音码','商品拼音码','pro.spell','cc503',2,786,100,2,1),(787,'商品规格','商品规格','pro.standard','cc503',2,787,100,2,1),(788,'商品型号','商品型号','pro.model','cc503',2,788,100,2,1),(789,'商品产地','商品产地','pro.field','cc503',2,789,100,2,1),(790,'商品图片','商品图片','pro.savePath','cc503',2,790,100,1,1),(791,'仓库编号','仓库编号','sto.code','cc503',2,791,100,2,1),(792,'仓库全名','仓库全名','sto.fullName','cc503',2,792,100,2,1),(793,'单位编号','单位编号','unit.code','cc503',2,793,100,2,1),(794,'单位全名','单位全名','unit.fullName','cc503',2,794,100,2,1),(795,'会计科目编号','会计科目编号','acc.code','cc503',2,795,100,2,1),(796,'会计科目全名','会计科目全名','acc.fullName','cc503',2,796,100,2,1),(797,'数量','数量','amounts','cc503',2,797,100,2,2),(798,'金额','金额','moneys','cc503',2,798,100,2,2),(799,'摘要','摘要','billRemark','cc503',2,799,100,2,1),(800,'商品编号','商品编号','code','cc504',2,800,100,2,1),(801,'商品全名','商品全名','fullName','cc504',2,801,100,2,1),(802,'商品简名','商品简名','smallName','cc504',1,802,100,2,1),(803,'商品拼音码','商品拼音码','spell','cc504',1,803,100,2,1),(804,'商品规格','规格','standard','cc504',2,804,100,2,1),(805,'商品型号','商品型号','model','cc504',1,805,100,2,1),(806,'商品产地','商品产地','field','cc504',1,806,100,2,1),(807,'商品图片','商品图片','savePath','cc504',2,807,100,1,1),(808,'报损数量','报损数量','baseAmounts','cc504',2,808,100,2,2),(809,'辅助报损数量','辅助报损数量','helpAmount','cc504',1,809,100,1,1),(810,'报损金额','报损金额','baseMoneys','cc504',2,810,100,2,2),(811,'单据类型','单据类型','modelType','cc505',2,811,100,1,1),(812,'日期','日期','recodeDate','cc505',2,812,100,2,1),(813,'单据编号','单据编号','billCode','cc505',2,813,100,2,1),(814,'商品编号','商品编号','pro.code','cc505',2,814,100,2,1),(815,'商品全名','商品全名','pro.fullName','cc505',2,815,100,2,1),(816,'商品简名','商品简名','pro.smallName','cc505',2,816,100,2,1),(817,'商品拼音码','商品拼音码','pro.spell','cc505',2,817,100,2,1),(818,'商品规格','商品规格','pro.standard','cc505',2,818,100,2,1),(819,'商品型号','商品型号','pro.model','cc505',2,819,100,2,1),(820,'商品产地','商品产地','pro.field','cc505',2,820,100,2,1),(821,'商品图片','商品图片','pro.savePath','cc505',2,821,100,1,1),(822,'仓库编号','仓库编号','sto.code','cc505',2,822,100,2,1),(823,'仓库全名','仓库全名','sto.fullName','cc505',2,823,100,2,1),(824,'数量','数量','amounts','cc505',2,824,100,2,2),(825,'金额','金额','moneys','cc505',2,825,100,2,2),(826,'摘要','摘要','billRemark','cc505',2,826,100,2,1),(827,'商品编号','商品编号','code','cc506',2,827,80,2,1),(828,'商品全名','商品全名','fullName','cc506',2,828,150,2,1),(829,'商品简名','商品简名','smallName','cc506',1,829,100,2,1),(830,'商品拼音码','商品拼音码','spell','cc506',1,830,100,2,1),(831,'商品规格','规格','standard','cc506',2,831,100,2,1),(832,'商品型号','商品型号','model','cc506',1,832,100,2,1),(833,'商品产地','商品产地','field','cc506',1,833,100,2,1),(834,'商品图片','商品图片','savePath','cc506',2,834,100,1,1),(835,'报溢数量','报溢数量','baseAmounts','cc506',2,835,100,2,2),(836,'辅助报溢数量','辅助报溢数量','helpAmount','cc506',1,836,100,1,1),(837,'报溢金额','报溢金额','baseMoneys','cc506',2,837,100,2,2),(838,'单据类型','单据类型','modelType','cc507',2,838,100,1,1),(839,'日期','日期','recodeDate','cc507',2,839,100,2,1),(840,'单据编号','单据编号','billCode','cc507',2,840,100,2,1),(841,'商品编号','商品编号','pro.code','cc507',2,841,100,2,1),(842,'商品全名','商品全名','pro.fullName','cc507',2,842,100,2,1),(843,'商品简名','商品简名','pro.smallName','cc507',2,843,100,2,1),(844,'商品拼音码','商品拼音码','pro.spell','cc507',2,844,100,2,1),(845,'商品规格','商品规格','pro.standard','cc507',2,845,100,2,1),(846,'商品型号','商品型号','pro.model','cc507',2,846,100,2,1),(847,'商品产地','商品产地','pro.field','cc507',2,847,100,2,1),(848,'商品图片','商品图片','pro.savePath','cc507',2,848,100,1,1),(849,'仓库编号','仓库编号','sto.code','cc507',2,849,100,2,1),(850,'仓库全名','仓库全名','sto.fullName','cc507',2,850,100,2,1),(851,'数量','数量','amounts','cc507',2,851,100,2,2),(852,'金额','金额','moneys','cc507',2,852,100,2,2),(853,'摘要','摘要','billRemark','cc507',2,853,100,2,1),(854,'商品编号','商品编号','code','cc508',2,854,100,2,1),(855,'商品全名','商品全名','fullName','cc508',2,855,100,2,1),(856,'商品简名','商品简名','smallName','cc508',1,856,100,2,1),(857,'商品拼音码','商品拼音码','spell','cc508',1,857,100,2,1),(858,'商品规格','规格','standard','cc508',2,858,100,2,1),(859,'商品型号','商品型号','model','cc508',1,859,100,2,1),(860,'商品产地','商品产地','field','cc508',1,860,100,2,1),(861,'商品图片','商品图片','savePath','cc508',2,861,100,1,1),(862,'调拨数量','调拨数量','baseAmounts','cc508',2,862,100,2,2),(863,'辅助调拨数量','辅助调拨数量','helpAmount','cc508',1,863,100,1,1),(864,'调拨均价','调拨均价','outAvgPrice','cc508',2,864,100,2,1),(865,'调拨金额','调拨金额','baseOutMoneys','cc508',2,865,100,2,2),(866,'单据类型','单据类型','modelType','cc509',2,866,100,1,1),(867,'日期','日期','recodeDate','cc509',2,867,100,2,1),(868,'单据编号','单据编号','billCode','cc509',2,868,100,2,1),(869,'商品编号','商品编号','pro.code','cc509',2,869,100,2,1),(870,'商品全名','商品全名','pro.fullName','cc509',2,870,100,2,1),(871,'商品简名','商品简名','pro.smallName','cc509',2,871,100,2,1),(872,'商品拼音码','商品拼音码','pro.spell','cc509',2,872,100,2,1),(873,'商品规格','商品规格','pro.standard','cc509',2,873,100,2,1),(874,'商品型号','商品型号','pro.model','cc509',2,874,100,2,1),(875,'商品产地','商品产地','pro.field','cc509',2,875,100,2,1),(876,'商品图片','商品图片','pro.savePath','cc509',2,876,100,1,1),(877,'出库编号','出库编号','outSto.code','cc509',2,877,100,2,1),(878,'出库全名','出库全名','outSto.fullName','cc509',2,878,100,2,1),(879,'入库编号','入库编号','inSto.code','cc509',2,879,100,2,1),(880,'入库全名','入库全名','inSto.fullName','cc509',2,880,100,2,1),(881,'数量','数量','amounts','cc509',2,881,100,2,2),(882,'金额','金额','outMoneys','cc509',2,882,100,2,2),(883,'摘要','摘要','billRemark','cc509',2,883,100,2,1),(884,'商品编号','商品编号','code','cc510',2,884,80,2,1),(885,'商品全名','商品全名','fullName','cc510',2,885,150,2,1),(886,'商品简名','商品简名','smallName','cc510',1,886,100,2,1),(887,'商品拼音码','商品拼音码','spell','cc510',1,887,100,2,1),(888,'商品规格','规格','standard','cc510',2,888,100,2,1),(889,'商品型号','商品型号','model','cc510',1,889,100,2,1),(890,'商品产地','商品产地','field','cc510',1,890,100,2,1),(891,'商品图片','商品图片','savePath','cc510',2,891,100,1,1),(892,'调拨数量','调拨数量','baseAmounts','cc510',2,892,100,2,2),(893,'辅助调拨数量','辅助调拨数量','helpAmount','cc510',1,893,100,1,1),(894,'出库均价','出库均价','outAvgPrice','cc510',2,894,100,2,1),(895,'出库金额','出库金额','baseOutMoneys','cc510',2,895,100,2,2),(896,'入库均价','入库均价','inAvgPrice','cc510',2,896,100,2,1),(897,'入库金额','入库金额','baseInMoneys','cc510',2,897,100,2,2),(898,'调拨差额','调拨差额','grapMoney','cc510',2,898,100,2,2),(899,'单据类型','单据类型','modelType','cc511',2,899,100,1,1),(900,'日期','日期','recodeDate','cc511',2,900,100,2,1),(901,'单据编号','单据编号','billCode','cc511',2,901,100,2,1),(902,'商品编号','商品编号','pro.code','cc511',2,902,100,2,1),(903,'商品全名','商品全名','pro.fullName','cc511',2,903,100,2,1),(904,'商品简名','商品简名','pro.smallName','cc511',2,904,100,2,1),(905,'商品拼音码','商品拼音码','pro.spell','cc511',2,905,100,2,1),(906,'商品规格','商品规格','pro.standard','cc511',2,906,100,2,1),(907,'商品型号','商品型号','pro.model','cc511',2,907,100,2,1),(908,'商品产地','商品产地','pro.field','cc511',2,908,100,2,1),(909,'商品图片','商品图片','pro.savePath','cc511',2,909,100,1,1),(910,'出库编号','出库编号','outSto.code','cc511',2,910,100,2,1),(911,'出库全名','出库全名','outSto.fullName','cc511',2,911,100,2,1),(912,'入库编号','入库编号','inSto.code','cc511',2,912,100,2,1),(913,'入库全名','入库全名','inSto.fullName','cc511',2,913,100,2,1),(914,'数量','数量','amounts','cc511',2,914,100,2,2),(915,'入库金额','入库金额','inMoneys','cc511',2,915,100,2,2),(916,'出库金额','出库金额','outMoneys','cc511',2,916,100,2,2),(917,'摘要','摘要','billRemark','cc511',2,917,100,2,1),(918,'商品编号','商品编号','code','cc512',2,918,100,2,1),(919,'商品全名','商品全名','fullName','cc512',2,919,100,2,1),(920,'商品简名','商品简名','smallName','cc512',1,920,100,2,1),(921,'商品拼音码','商品拼音码','spell','cc512',1,921,100,2,1),(922,'商品规格','规格','standard','cc512',2,922,100,2,1),(923,'商品型号','商品型号','model','cc512',1,923,100,2,1),(924,'商品产地','商品产地','field','cc512',1,924,100,2,1),(925,'商品图片','商品图片','savePath','cc512',2,925,100,1,1),(926,'入库数量','入库数量','baseInAmounts','cc512',2,926,100,2,2),(927,'辅助入库数量','辅助入库数量','helpInAmount','cc512',1,927,100,1,1),(928,'入库金额','入库金额','baseInMoneys','cc512',2,928,100,2,2),(929,'出库数量','出库数量','baseOutAmounts','cc512',2,929,100,2,2),(930,'辅助出库数量','辅助出库数量','helpOutAmount','cc512',1,930,100,1,1),(931,'出库金额','出库金额','baseOutMoneys','cc512',2,931,100,2,2),(932,'单据类型','单据类型','modelType','cc513',2,932,100,1,1),(933,'日期','日期','recodeDate','cc513',2,933,100,2,1),(934,'单据编号','单据编号','billCode','cc513',2,934,100,2,1),(935,'商品编号','商品编号','pro.code','cc513',2,935,100,2,1),(936,'商品全名','商品全名','pro.fullName','cc513',2,936,100,2,1),(937,'商品简名','商品简名','pro.smallName','cc513',2,937,100,2,1),(938,'商品拼音码','商品拼音码','pro.spell','cc513',2,938,100,2,1),(939,'商品规格','商品规格','pro.standard','cc513',2,939,100,2,1),(940,'商品型号','商品型号','pro.model','cc513',2,940,100,2,1),(941,'商品产地','商品产地','pro.field','cc513',2,941,100,2,1),(942,'商品图片','商品图片','pro.savePath','cc513',2,942,100,1,1),(943,'入库编号','入库编号','inSto.code','cc513',2,943,100,2,1),(944,'入库全名','入库全名','inSto.fullName','cc513',2,944,100,2,1),(945,'入库数量','入库数量','inAmounts','cc513',2,945,100,2,2),(946,'入库金额','入库金额','inMoneys','cc513',2,946,100,2,2),(947,'出库编号','出库编号','outSto.code','cc513',2,947,100,2,1),(948,'出库全名','出库全名','outSto.fullName','cc513',2,948,100,2,1),(949,'出库数量','出库数量','outAmounts','cc513',2,949,100,2,2),(950,'出库金额','出库金额','outMoneys','cc513',2,950,100,2,2),(951,'摘要','摘要','billRemark','cc513',2,951,100,2,1),(952,'商品编号','商品编号','code','cc514',2,952,80,2,1),(953,'商品全名','商品全名','fullName','cc514',2,953,150,2,1),(954,'商品简名','商品简名','smallName','cc514',1,954,100,2,1),(955,'商品拼音码','商品拼音码','spell','cc514',1,955,100,2,1),(956,'商品规格','规格','standard','cc514',2,956,100,2,1),(957,'商品型号','商品型号','model','cc514',1,957,100,2,1),(958,'商品产地','商品产地','field','cc514',1,958,100,2,1),(959,'商品图片','商品图片','savePath','cc514',2,959,100,1,1),(960,'上期数量','上期数量','preAmount','cc514',2,960,100,2,2),(961,'上期金额','上期金额','preMoney','cc514',2,961,100,2,2),(962,'进货数量','进货数量','pruchaseAmount','cc514',2,962,100,2,2),(963,'进货金额','进货金额','pruchaseMoney','cc514',2,963,100,2,2),(964,'销售退货数量','销售退货数量','sellReturnAmount','cc514',2,964,100,2,2),(965,'销售退货金额','销售退货金额','sellReturnMoney','cc514',2,965,100,2,2),(966,'报溢数量','报溢数量','overflowAmount','cc514',2,966,100,2,2),(967,'报溢金额','报溢金额','overflowMoney','cc514',2,967,100,2,2),(968,'同价调拨入库数量','同价调拨入库数量','parityallotInAmount','cc514',2,968,100,2,2),(969,'同价调拨入库金额','同价调拨入库金额','parityallotInMoney','cc514',2,969,100,2,2),(970,'变价调拨入库数量','变价调拨入库数量','difftallotInAmount','cc514',2,970,100,2,2),(971,'变价调拨入库金额','变价调拨入库金额','difftallotInMoney','cc514',2,971,100,2,2),(972,'销售换货入库数量','销售换货入库数量','sellBarterInAmount','cc514',2,972,100,2,2),(973,'销售换货入库金额','销售换货入库金额','sellBarterInMoney','cc514',2,973,100,2,2),(974,'进货换货入库数量','进货换货入库数量','pruchaseBarterInAmount','cc514',2,974,100,2,2),(975,'进货换货入库金额','进货换货入库金额','pruchaseBarterInMoney','cc514',2,975,100,2,2),(976,'其它入库数量','其它入库数量','otherinAmount','cc514',2,976,100,2,2),(977,'其它入库金额','其它入库金额','otherinMoney','cc514',2,977,100,2,2),(978,'入库合计数量','入库合计数量','inAllAmount','cc514',2,978,100,2,2),(979,'入库合计金额','入库合计金额','inAllMoney','cc514',2,979,100,2,2),(980,'销售数量','销售数量','sellAmount','cc514',2,980,100,2,2),(981,'销售金额','销售金额','sellMoney','cc514',2,981,100,2,2),(982,'进货退货数量','进货退货数量','pruchaseReturnAmount','cc514',2,982,100,2,2),(983,'进货退货金额','进货退货金额','pruchaseReturnMoney','cc514',2,983,100,2,2),(984,'报损数量','报损数量','breakageAmount','cc514',2,984,100,2,2),(985,'报损金额','报损金额','breakageMoney','cc514',2,985,100,2,2),(986,'同价调拨出库数量','同价调拨出库数量','parityalloOutAmount','cc514',2,986,100,2,2),(987,'同价调拨出库金额','同价调拨出库金额','parityalloOutMoney','cc514',2,987,100,2,2),(988,'变价调拨出库数量','变价调拨出库数量','difftallotOutAmount','cc514',2,988,100,2,2),(989,'变价调拨出库金额','变价调拨出库金额','difftallotOutMoney','cc514',2,989,100,2,2),(990,'销售换货出库数量','销售换货出库数量','sellBarterOutAmount','cc514',2,990,100,2,2),(991,'销售换货出库金额','销售换货出库金额','sellBarterOutMoney','cc514',2,991,100,2,2),(992,'进货换货出库数量','进货换货出库数量','pruchaseBarterOutAmount','cc514',2,992,100,2,2),(993,'进货换货出库金额','进货换货出库金额','pruchaseBarterOutMoney','cc514',2,993,100,2,2),(994,'其它出库数量','其它出库数量','otheroutAmount','cc514',2,994,100,2,2),(995,'其它出库金额','其它出库金额','otheroutMoney','cc514',2,995,100,2,2),(996,'出库合计数量','出库合计数量','outAllAmount','cc514',2,996,100,2,2),(997,'出库合计金额','出库合计金额','outAllMoney','cc514',2,997,100,2,2),(998,'本期数量','本期数量','afterAmount','cc514',2,998,100,2,2),(999,'本期金额','本期金额','afterMoney','cc514',2,999,100,2,2),(1000,'商品编号','商品编号','pro.code','cc520',2,1000,80,2,1),(1001,'商品全名','商品全名','pro.fullName','cc520',2,1001,150,2,1),(1002,'商品简名','商品简名','pro.smallName','cc520',1,1002,100,2,1),(1003,'商品拼音码','商品拼音码','pro.spell','cc520',1,1003,100,2,1),(1004,'商品规格','规格','pro.standard','cc520',2,1004,100,2,1),(1005,'商品型号','商品型号','pro.model','cc520',1,1005,100,2,1),(1006,'商品产地','商品产地','pro.field','cc520',1,1006,100,2,1),(1007,'商品图片','商品图片','pro.savePath','cc520',2,1007,100,1,1),(1008,'基本条码','基本条码','pro.barCode1','cc520',1,1008,100,2,1),(1009,'基本单位','单位','pro.calculateUnit1','cc520',2,1009,100,2,1),(1010,'辅助单位','辅助单位','pro.assistUnit','cc520',1,1010,100,2,1),(1011,'成本单价','成本单价','avgPrice','cc520',2,1011,100,2,1),(1012,'库存数量','库存数量','amounts','cc520',2,1012,100,2,2),(1013,'辅助数量','辅助数量','helpAmout','cc520',1,1013,100,1,1),(1014,'库存金额','库存金额','moneys','cc520',2,1014,100,2,2),(1015,'单据类型','单据类型','bt.name','cc521',2,1015,100,1,1),(1016,'单据字头','单据字头','bt.prefix','cc521',2,1016,100,1,1),(1017,'单据编号','单据编号','sckRos.billCode','cc521',2,1017,100,1,1),(1018,'录单时间','录单时间','sckRos.recodeTime','cc521',2,1018,100,1,1),(1019,'摘要','摘要','sckRos.billAbstract','cc521',2,1019,100,1,1),(1020,'入库数量','入库数量','sckRos.inAmount','cc521',2,1020,100,1,2),(1021,'出库数量','出库数量','sckRos.outAmount','cc521',2,1021,100,1,2),(1022,'成本单价','成本单价','sckRos.price','cc521',2,1022,100,1,1),(1023,'库存余量','库存余量','sckAmount','cc521',2,1023,100,1,1),(1024,'当前余额','当前余额','sckMoney','cc521',2,1024,100,1,1),(1025,'商品编号','商品编号','pro.code','cc521',2,1025,100,1,1),(1026,'商品全名','商品全名','pro.fullName','cc521',2,1026,100,1,1),(1027,'商品简名','商品简名','pro.smallName','cc521',2,1027,100,1,1),(1028,'商品拼音码','商品拼音码','pro.spell','cc521',2,1028,100,1,1),(1029,'商品规格','商品规格','pro.standard','cc521',2,1029,100,1,1),(1030,'商品型号','商品型号','pro.model','cc521',2,1030,100,1,1),(1031,'商品产地','商品产地','pro.field','cc521',2,1031,100,1,1),(1032,'商品图片','商品图片','pro.savePath','cc521',2,1032,100,1,1),(1033,'商品编号','商品编号','pro.code','cc522',2,1033,80,2,1),(1034,'商品全名','商品全名','pro.fullName','cc522',2,1034,150,2,1),(1035,'商品简名','商品简名','pro.smallName','cc522',1,1035,100,2,1),(1036,'商品拼音码','商品拼音码','pro.spell','cc522',1,1036,100,2,1),(1037,'商品规格','规格','pro.standard','cc522',1,1037,100,2,1),(1038,'商品型号','商品型号','pro.model','cc522',1,1038,100,2,1),(1039,'商品产地','商品产地','pro.field','cc522',1,1039,100,2,1),(1040,'商品图片','商品图片','pro.savePath','cc522',1,1040,100,1,1),(1041,'基本条码','基本条码','pro.barCode1','cc522',1,1041,100,2,1),(1042,'单位','单位','proUnit','cc522',1,1042,100,1,1),(1043,'商品编号','商品编号','pro.code','cc523',2,1043,80,2,1),(1044,'商品全名','商品全名','pro.fullName','cc523',2,1044,150,2,1),(1045,'商品简名','商品简名','pro.smallName','cc523',1,1045,100,2,1),(1046,'商品拼音码','商品拼音码','pro.spell','cc523',1,1046,100,2,1),(1047,'商品规格','规格','pro.standard','cc523',2,1047,100,2,1),(1048,'商品型号','商品型号','pro.model','cc523',1,1048,100,2,1),(1049,'商品产地','商品产地','pro.field','cc523',1,1049,100,2,1),(1050,'商品图片','商品图片','pro.savePath','cc523',1,1050,100,1,1),(1051,'仓库编号','仓库编号','sge.code','cc523',2,1051,100,2,1),(1052,'仓库全名','仓库全名','sge.fullName','cc523',2,1052,100,2,1),(1053,'库存数量','库存数量','zj.amount','cc523',2,1053,100,2,1),(1054,'成本单价','成本单价','zj.avgPrice','cc523',2,1054,100,2,1),(1055,'成本金额','成本金额','zj.costMoneys','cc523',2,1055,100,2,1),(1056,'保质期','保质期','pro.validity','cc523',2,1056,100,2,1),(1057,'生产日期','生产日期','sck.produceDate','cc523',2,1057,100,2,1),(1058,'到期日期','到期日期','expire','cc523',2,1058,100,2,1),(1059,'商品编号','商品编号','pro.code','cc524',2,1059,100,2,1),(1060,'商品全名','商品全名','pro.fullName','cc524',2,1060,100,2,1),(1061,'商品简名','商品简名','pro.smallName','cc524',2,1061,100,2,1),(1062,'商品拼音码','商品拼音码','pro.spell','cc524',2,1062,100,2,1),(1063,'商品规格','商品规格','pro.standard','cc524',2,1063,100,2,1),(1064,'商品型号','商品型号','pro.model','cc524',2,1064,100,2,1),(1065,'商品产地','商品产地','pro.field','cc524',2,1065,100,2,1),(1066,'基本条码','基本条码','pro.barCode1','cc524',2,1066,100,2,1),(1067,'基本单位','基本单位','pro.calculateUnit1','cc524',2,1067,100,2,1),(1068,'辅助单位','辅助单位','pro.assistUnit','cc524',2,1068,100,2,1),(1069,'商品图片','商品图片','pro.savePath','cc524',2,1069,100,1,1),(1070,'成本单价','成本单价','avgPrice','cc524',2,1070,100,2,1),(1071,'批号','批号','sck.batchNum','cc524',2,1071,100,2,1),(1072,'生产日期','生产日期','sck.produceDate','cc524',2,1072,100,2,1),(1073,'库存数量','库存数量','amounts','cc524',2,1073,100,2,2),(1074,'辅助数量','辅助数量','helpAmout','cc524',2,1074,100,1,1),(1075,'库存金额','库存金额','moneys','cc524',2,1075,100,2,2),(1076,'商品编号','商品编号','pro.code','cc525',2,1076,100,2,1),(1077,'商品全名','商品全名','pro.fullName','cc525',2,1077,100,2,1),(1078,'商品简名','商品简名','pro.smallName','cc525',2,1078,100,2,1),(1079,'商品拼音码','商品拼音码','pro.spell','cc525',2,1079,100,2,1),(1080,'商品规格','商品规格','pro.standard','cc525',2,1080,100,2,1),(1081,'商品型号','商品型号','pro.model','cc525',2,1081,100,2,1),(1082,'商品产地','商品产地','pro.field','cc525',2,1082,100,2,1),(1083,'基本条码','基本条码','pro.barCode1','cc525',2,1083,100,2,1),(1084,'基本单位','基本单位','pro.calculateUnit1','cc525',2,1084,100,2,1),(1085,'辅助单位','辅助单位','pro.assistUnit','cc525',2,1085,100,2,1),(1086,'商品图片','商品图片','pro.savePath','cc525',2,1086,100,1,1),(1087,'单位编号','单位编号','bunit.code','cc525',2,1087,100,2,1),(1088,'单位全名','单位全名','bunit.fullName','cc525',2,1088,100,2,1),(1089,'仓库编号','仓库编号','sge.code','cc525',2,1089,100,2,1),(1090,'仓库全名','仓库全名','sge.fullName','cc525',2,1090,100,2,1),(1091,'单据类型','单据类型','btype.name','cc525',2,1091,100,2,1),(1092,'单据字头','单据字头','btype.prefix','cc525',2,1092,100,2,1),(1093,'时间','时间','sckRos.recodeTime','cc525',2,1093,100,2,1),(1094,'单据编号','单据编号','sckRos.billCode','cc525',2,1094,100,2,1),(1095,'摘要','摘要','sckRos.billAbstract','cc525',2,1095,100,2,1),(1096,'批号','批号','sckRos.batch','cc525',2,1096,100,2,1),(1097,'生产日期','生产日期','sckRos.produceDate','cc525',2,1097,100,2,1),(1098,'计量单位','计量单位','unitName','cc525',2,1098,100,2,1),(1099,'数量','数量','amount','cc525',2,1099,100,2,1),(1100,'单价','单价','sckRos.price','cc525',2,1100,100,2,1),(1101,'金额','金额','costMoney','cc525',2,1101,100,2,1),(1102,'商品编号','商品编号','pro.code','cc526',2,1102,80,2,1),(1103,'商品全名','商品全名','pro.fullName','cc526',2,1103,150,2,1),(1104,'商品简名','商品简名','pro.smallName','cc526',1,1104,100,2,1),(1105,'商品拼音码','商品拼音码','pro.spell','cc526',1,1105,100,2,1),(1106,'商品规格','规格','pro.standard','cc526',2,1106,100,2,1),(1107,'商品型号','商品型号','pro.model','cc526',1,1107,100,2,1),(1108,'商品产地','商品产地','pro.field','cc526',1,1108,100,2,1),(1109,'基本条码','基本条码','pro.barCode1','cc526',1,1109,100,2,1),(1110,'基本单位','单位','pro.calculateUnit1','cc526',2,1110,100,2,1),(1111,'辅助单位','辅助单位','pro.assistUnit','cc526',1,1111,100,2,1),(1112,'商品图片','商品图片','pro.savePath','cc526',1,1112,100,1,1),(1113,'库存上限','库存上限','maxs','cc526',2,1113,100,2,1),(1114,'库存下限','库存下限','mins','cc526',2,1114,100,2,1),(1115,'商品编号','商品编号','pro.code','cc527',2,1115,80,2,1),(1116,'商品全名','商品全名','pro.fullName','cc527',2,1116,150,2,1),(1117,'商品简名','商品简名','pro.smallName','cc527',1,1117,100,2,1),(1118,'商品拼音码','商品拼音码','pro.spell','cc527',1,1118,100,2,1),(1119,'商品规格','规格','pro.standard','cc527',2,1119,100,2,1),(1120,'商品型号','商品型号','pro.model','cc527',1,1120,100,2,1),(1121,'商品产地','商品产地','pro.field','cc527',1,1121,100,2,1),(1122,'基本条码','基本条码','pro.barCode1','cc527',1,1122,100,2,1),(1123,'基本单位','单位','pro.calculateUnit1','cc527',2,1123,100,2,1),(1124,'辅助单位','辅助单位','pro.assistUnit','cc527',1,1124,100,2,1),(1125,'商品图片','商品图片','pro.savePath','cc527',1,1125,100,1,1),(1126,'库存数量','库存数量','sckAmount','cc527',2,1126,100,2,1),(1127,'库存上限','库存上限','maxNum','cc527',2,1127,100,2,1),(1128,'调整数量','调整数量','adjust','cc527',2,1128,100,2,1),(1129,'商品编号','商品编号','pro.code','cc528',2,1129,80,2,1),(1130,'商品全名','商品全名','pro.fullName','cc528',2,1130,150,2,1),(1131,'商品简名','商品简名','pro.smallName','cc528',1,1131,100,2,1),(1132,'商品拼音码','商品拼音码','pro.spell','cc528',1,1132,100,2,1),(1133,'商品规格','规格','pro.standard','cc528',2,1133,100,2,1),(1134,'商品型号','商品型号','pro.model','cc528',1,1134,100,2,1),(1135,'商品产地','商品产地','pro.field','cc528',1,1135,100,2,1),(1136,'基本条码','基本条码','pro.barCode1','cc528',1,1136,100,2,1),(1137,'基本单位','单位','pro.calculateUnit1','cc528',2,1137,100,2,1),(1138,'辅助单位','辅助单位','pro.assistUnit','cc528',1,1138,100,2,1),(1139,'商品图片','商品图片','pro.savePath','cc528',1,1139,100,1,1),(1140,'库存数量','库存数量','sckAmount','cc528',2,1140,100,2,1),(1141,'库存下限','库存下限','minNum','cc528',2,1141,100,2,1),(1142,'调整数量','调整数量','adjust','cc528',2,1142,100,2,1),(1143,'商品编号','商品编号','pro.code','cc529',2,1143,80,2,1),(1144,'商品全名','商品全名','pro.fullName','cc529',2,1144,150,2,1),(1145,'商品简名','商品简名','pro.smallName','cc529',1,1145,100,2,1),(1146,'商品拼音码','商品拼音码','pro.spell','cc529',1,1146,100,2,1),(1147,'商品规格','规格','pro.standard','cc529',2,1147,100,2,1),(1148,'商品型号','商品型号','pro.model','cc529',1,1148,100,2,1),(1149,'商品产地','商品产地','pro.field','cc529',1,1149,100,2,1),(1150,'商品图片','商品图片','pro.savePath','cc529',2,1150,100,1,1),(1151,'基本条码','基本条码','pro.barCode1','cc529',1,1151,100,2,1),(1152,'基本单位','单位','pro.calculateUnit1','cc529',2,1152,100,2,1),(1153,'辅助单位','辅助单位','pro.assistUnit','cc529',1,1153,100,2,1),(1154,'成本单价','成本单价','avgPrice','cc529',2,1154,100,2,1),(1155,'库存数量','库存数量','amounts','cc529',2,1155,100,2,2),(1156,'库存金额','库存金额','moneys','cc529',2,1156,100,2,2),(1157,'进货订单','进货订单','boughtOrde','cc529',2,1157,100,2,2),(1158,'销售订单','销售订单','sellOrde','cc529',2,1158,100,2,2),(1159,'订单库存','订单库存','ordeAmount','cc529',2,1159,100,2,2),(1160,'草稿数量','草稿数量','draftAmount','cc529',2,1160,100,2,2),(1161,'虚拟库存','虚拟库存','virtualAmount','cc529',2,1161,100,2,2),(1162,'单据编号','单据编号','takBill.code','cc530',2,1162,100,2,1),(1163,'录单时间','录单时间','takBill.createTime','cc530',2,1163,100,2,1),(1164,'仓库编号','仓库编号','sge.code','cc530',2,1164,100,2,1),(1165,'仓库名称','仓库名称','sge.fullName','cc530',2,1165,100,2,1),(1166,'职员编号','职员编号','stf.code','cc530',2,1166,100,2,1),(1167,'职员名称','职员名称','stf.fullName','cc530',2,1167,100,2,1),(1168,'摘要','摘要','takBill.remark','cc530',2,1168,100,2,1),(1169,'状态','状态','takBill.status','cc530',2,1169,100,2,1),(1170,'商品编号','商品编号','code','cw500',2,1170,80,2,1),(1171,'商品全名','商品全名','fullName','cw500',2,1171,150,2,1),(1172,'商品简名','商品简名','smallName','cw500',1,1172,100,2,1),(1173,'商品拼音码','商品拼音码','spell','cw500',1,1173,100,2,1),(1174,'商品规格','规格','standard','cw500',2,1174,100,2,1),(1175,'商品型号','商品型号','model','cw500',1,1175,100,2,1),(1176,'商品产地','商品产地','field','cw500',1,1176,100,2,1),(1177,'商品图片','商品图片','savePath','cw500',1,1177,100,1,1),(1178,'调价数量','调价数量','baseAmounts','cw500',2,1178,100,2,2),(1179,'辅助调价数量','辅助调价数量','helpAmount','cw500',1,1179,100,1,1),(1180,'调价前均价','调价前均价','preAvgPrice','cw500',2,1180,100,2,1),(1181,'调价前金额','调价前金额','basePreMoneys','cw500',2,1181,100,2,2),(1182,'调价后均价','调价后均价','afterAvgPrice','cw500',2,1182,100,2,1),(1183,'调价后金额','调价后金额','baseAfterMoneys','cw500',2,1183,100,2,2),(1184,'调价差额','调价差额','grapMoney','cw500',2,1184,100,2,2),(1185,'单据类型','单据类型','modelType','cw501',2,1185,100,1,1),(1186,'日期','日期','recodeDate','cw501',2,1186,100,2,1),(1187,'单据编号','单据编号','billCode','cw501',2,1187,100,2,1),(1188,'商品编号','商品编号','pro.code','cw501',2,1188,100,2,1),(1189,'商品全名','商品全名','pro.fullName','cw501',2,1189,100,2,1),(1190,'商品简名','商品简名','pro.smallName','cw501',2,1190,100,2,1),(1191,'商品拼音码','商品拼音码','pro.spell','cw501',2,1191,100,2,1),(1192,'商品规格','商品规格','pro.standard','cw501',2,1192,100,2,1),(1193,'商品型号','商品型号','pro.model','cw501',2,1193,100,2,1),(1194,'商品产地','商品产地','pro.field','cw501',2,1194,100,2,1),(1195,'商品图片','商品图片','pro.savePath','cw501',2,1195,100,1,1),(1196,'仓库编号','仓库编号','sto.code','cw501',2,1196,100,2,1),(1197,'仓库全名','仓库全名','sto.fullName','cw501',2,1197,100,2,1),(1198,'数量','数量','amounts','cw501',2,1198,100,2,2),(1199,'原单价','原单价','costPrice','cw501',2,1199,100,2,2),(1200,'新单价','新单价','basePrice','cw501',2,1200,100,2,2),(1201,'摘要','摘要','billRemark','cw501',2,1201,100,2,1),(1202,'职员编号','职员编号','code','cw502',2,1202,100,2,1),(1203,'职员全名','职员全名','name','cw502',2,1203,100,2,1),(1204,'部门编号','部门编号','depm.code','cw502',2,1204,100,2,1),(1205,'部门全名','部门全名','depm.fullName','cw502',2,1205,100,2,1),(1206,'销售合计','销售合计','sellMoneys','cw502',2,1206,100,2,2),(1207,'现金回款','现金回款','cashGetMoneys','cw502',2,1207,100,2,2),(1208,'银行回款','银行回款','bankGetMoneys','cw502',2,1208,100,2,2),(1209,'回款总额','回款总额','getMoneySum','cw502',2,1209,100,2,2),(1210,'应收发生额','应收发生额','getMoneys','cw502',2,1210,100,2,2),(1211,'应付发生额','应付发生额','payMoneys','cw502',2,1211,100,2,2),(1212,'应收余额','应收余额','shouldGetMoneys','cw502',2,1212,100,2,2),(1213,'应付余额','应付余额','shouldPayMoneys','cw502',2,1213,100,2,2),(1214,'单位编号','单位编号','code','cw503',2,1214,100,2,1),(1215,'单位全名','单位全名','fullName','cw503',2,1215,100,2,1),(1216,'地区编号','地区编号','area.code','cw503',2,1216,100,2,1),(1217,'地区全名','地区全名','area.fullName','cw503',2,1217,100,2,1),(1218,'销售合计','销售合计','sellMoneys','cw503',2,1218,100,2,2),(1219,'现金回款','现金回款','cashGetMoneys','cw503',2,1219,100,2,2),(1220,'银行回款','银行回款','bankGetMoneys','cw503',2,1220,100,2,2),(1221,'回款总额','回款总额','getMoneySum','cw503',2,1221,100,2,2),(1222,'应收发生额','应收发生额','getMoneys','cw503',2,1222,100,2,2),(1223,'应付发生额','应付发生额','payMoneys','cw503',2,1223,100,2,2),(1224,'应收余额','应收余额','shouldGetMoneys','cw503',2,1224,100,2,2),(1225,'应付余额','应付余额','shouldPayMoneys','cw503',2,1225,100,2,2),(1226,'部门编号','部门编号','depm.code','cw504',2,1226,100,2,1),(1227,'部门全名','部门全名','depm.fullName','cw504',2,1227,100,2,1),(1228,'销售合计','销售合计','sellMoneys','cw504',2,1228,100,2,2),(1229,'现金回款','现金回款','cashGetMoneys','cw504',2,1229,100,2,2),(1230,'银行回款','银行回款','bankGetMoneys','cw504',2,1230,100,2,2),(1231,'回款总额','回款总额','getMoneySum','cw504',2,1231,100,2,2),(1232,'应收发生额','应收发生额','getMoneys','cw504',2,1232,100,2,2),(1233,'应付发生额','应付发生额','payMoneys','cw504',2,1233,100,2,2),(1234,'应收余额','应收余额','shouldGetMoneys','cw504',2,1234,100,2,2),(1235,'应付余额','应付余额','shouldPayMoneys','cw504',2,1235,100,2,2),(1236,'地区编号','地区编号','area.code','cw505',2,1236,100,2,1),(1237,'地区全名','地区全名','area.fullName','cw505',2,1237,100,2,1),(1238,'销售合计','销售合计','sellMoneys','cw505',2,1238,100,2,2),(1239,'现金回款','现金回款','cashGetMoneys','cw505',2,1239,100,2,2),(1240,'银行回款','银行回款','bankGetMoneys','cw505',2,1240,100,2,2),(1241,'回款总额','回款总额','getMoneySum','cw505',2,1241,100,2,2),(1242,'应收发生额','应收发生额','getMoneys','cw505',2,1242,100,2,2),(1243,'应付发生额','应付发生额','payMoneys','cw505',2,1243,100,2,2),(1244,'应收余额','应收余额','shouldGetMoneys','cw505',2,1244,100,2,2),(1245,'应付余额','应付余额','shouldPayMoneys','cw505',2,1245,100,2,2),(1246,'职员编号','职员编号','staff.code','cw506',2,1246,100,2,1),(1247,'职员全名','职员全名','staff.name','cw506',2,1247,100,2,1),(1248,'用户名','用户名','username','cw506',2,1248,100,2,1),(1249,'收款总额','收款总额','bankGetMoneys,cashGetMoneys','cw506',2,1249,100,2,2),(1250,'现金收款','现金收款','cashGetMoneys','cw506',2,1250,100,2,2),(1251,'银行收款','银行收款','bankGetMoneys','cw506',2,1251,100,2,2),(1252,'单位编号','单位编号','code','cw507',2,1252,100,2,1),(1253,'单位全名','单位全名','fullName','cw507',2,1253,100,2,1),(1254,'回款合计','回款合计','payMoney','cw507',2,1254,100,2,2),(1255,'单据类型','单据类型','billTypeName','cw508',2,1255,100,2,1),(1256,'日期','日期','recodeDate','cw508',2,1256,100,2,1),(1257,'单据编号','单据编号','billCode','cw508',2,1257,100,2,1),(1258,'单位编号','单位编号','unit.code','cw508',2,1258,100,2,1),(1259,'单位全名','单位全名','unit.fullName','cw508',2,1259,100,2,1),(1260,'收款账户编号','收款账户编号','accounts.code','cw508',2,1260,100,2,1),(1261,'收款账户全名','收款账户全名','accounts.fullName','cw508',2,1261,100,2,1),(1262,'金额','金额','payMoney','cw508',2,1262,100,2,2),(1263,'摘要','摘要','remark','cw508',2,1263,100,2,1),(1264,'单据类型','单据类型','billTypeName','cw509',2,1264,100,2,1),(1265,'日期','日期','recodeDate','cw509',2,1265,100,2,1),(1266,'单据编号','单据编号','billCode','cw509',2,1266,100,2,1),(1267,'职员编号','职员编号','staff.code','cw509',2,1267,100,2,1),(1268,'职员全名','职员全名','staff.name','cw509',2,1268,100,2,1),(1269,'收款账户编号','收款账户编号','accounts.code','cw509',2,1269,100,2,1),(1270,'收款账户全名','收款账户全名','accounts.fullName','cw509',2,1270,100,2,1),(1271,'金额','金额','payMoney','cw509',2,1271,100,2,2),(1272,'摘要','摘要','remark','cw509',2,1272,100,2,1),(1273,'单据类型','单据类型','billTypeName','cw510',2,1273,100,2,1),(1274,'日期','日期','recodeDate','cw510',2,1274,100,2,1),(1275,'单据编号','单据编号','billCode','cw510',2,1275,100,2,1),(1276,'职员编号','职员编号','staff.code','cw510',2,1276,100,2,1),(1277,'职员全名','职员全名','staff.name','cw510',2,1277,100,2,1),(1278,'收款账户编号','收款账户编号','accounts.code','cw510',2,1278,100,2,1),(1279,'收款账户全名','收款账户全名','accounts.fullName','cw510',2,1279,100,2,1),(1280,'金额','金额','payMoney','cw510',2,1280,100,2,2),(1281,'摘要','摘要','remark','cw510',2,1281,100,2,1),(1282,'单据类型','单据类型','billTypeName','cw511',2,1282,100,2,1),(1283,'日期','日期','recodeDate','cw511',2,1283,100,2,1),(1284,'单据编号','单据编号','billCode','cw511',2,1284,100,2,1),(1285,'职员编号','职员编号','staff.code','cw511',2,1285,100,2,1),(1286,'职员全名','职员全名','staff.name','cw511',2,1286,100,2,1),(1287,'收款账户编号','收款账户编号','accounts.code','cw511',2,1287,100,2,1),(1288,'收款账户全名','收款账户全名','accounts.fullName','cw511',2,1288,100,2,1),(1289,'金额','金额','payMoney','cw511',2,1289,100,2,2),(1290,'摘要','摘要','remark','cw511',2,1290,100,2,1),(1291,'单据类型','单据类型','billTypeName','cw512',2,1291,100,2,1),(1292,'日期','日期','recodeDate','cw512',2,1292,100,2,1),(1293,'单据编号','单据编号','billCode','cw512',2,1293,100,2,1),(1294,'职员编号','职员编号','staff.code','cw512',2,1294,100,2,1),(1295,'职员全名','职员全名','staff.name','cw512',2,1295,100,2,1),(1296,'科目编号','科目编号','accounts.code','cw512',2,1296,100,2,1),(1297,'科目全名','科目全名','accounts.fullName','cw512',2,1297,100,2,1),(1298,'增加金额','增加金额','addMoney','cw512',2,1298,100,2,2),(1299,'减少金额','减少金额','subMoney','cw512',2,1299,100,2,2),(1300,'金额','金额','money','cw512',2,1300,100,1,1),(1301,'摘要','摘要','remark','cw512',2,1301,100,2,1),(1302,'单位编号','单位编号','code','cw520',2,1302,100,2,1),(1303,'单位全名','单位全名','fullName','cw520',2,1303,100,2,1),(1304,'应收余额','应收余额','gets','cw520',2,1304,100,2,2),(1305,'应付余额','应付余额','pays','cw520',2,1305,100,2,2),(1306,'职员编号','职员编号','bs.code','cw521',2,1306,100,2,1),(1307,'职员全名','职员全名','staffName','cw521',2,1307,100,2,1),(1308,'应收发生额','应收发生额','getsOccur','cw521',2,1308,100,2,2),(1309,'应付发生额','应付发生额','paysOccur','cw521',2,1309,100,2,2),(1310,'部门编号','部门编号','dept.code','cw522',2,1310,100,2,1),(1311,'部门全名','部门全名','deptName','cw522',2,1311,100,2,1),(1312,'应收发生额','应收发生额','getsOccur','cw522',2,1312,100,2,2),(1313,'应付发生额','应付发生额','paysOccur','cw522',2,1313,100,2,2),(1314,'地区编号','地区编号','area.code','cw523',2,1314,100,2,1),(1315,'地区全名','地区全名','areaName','cw523',2,1315,100,2,1),(1316,'应收发生额','应收发生额','getsOccur','cw523',2,1316,100,2,2),(1317,'应付发生额','应付发生额','paysOccur','cw523',2,1317,100,2,2),(1318,'单位编号','单位编号','bu.code','cw524',2,1318,100,2,1),(1319,'单位全名','单位全名','unitName','cw524',2,1319,100,2,1),(1320,'地区编号','地区编号','ba.code','cw524',2,1320,100,2,1),(1321,'地区全名','地区全名','ba.fullName','cw524',2,1321,100,2,1),(1322,'进货金额','进货金额','inMoney','cw524',2,1322,100,2,2),(1323,'进货未付款','进货未付款','inWaitMoney','cw524',2,1323,100,2,2),(1324,'销售金额','销售金额','outMoney','cw524',2,1324,100,2,2),(1325,'销售未付款','销售未付款','outWaitMoney','cw524',2,1325,100,2,2),(1326,'成本金额','成本金额','costMoney','cw524',2,1326,100,2,2),(1327,'利润额','利润额','profit','cw524',2,1327,100,2,2),(1328,'其他收入','其他收入','otherIn','cw524',2,1328,100,2,2),(1329,'费用合计','费用合计','costTotal','cw524',2,1329,100,2,2),(1330,'回款合计','回款合计','returenMoney','cw524',2,1330,100,2,2),(1331,'本期创利','本期创利','periodProfit','cw524',2,1331,100,2,2),(1332,'职员编号','职员编号','staff.code','cw525',2,1332,100,2,1),(1333,'职员全名','职员全名','staffName','cw525',2,1333,100,2,1),(1334,'进货金额','进货金额','inMoney','cw525',2,1334,100,2,2),(1335,'进货未付款','进货未付款','inWaitMoney','cw525',2,1335,100,2,2),(1336,'销售金额','销售金额','outMoney','cw525',2,1336,100,2,2),(1337,'销售未付款','销售未付款','outWaitMoney','cw525',2,1337,100,2,2),(1338,'成本金额','成本金额','costMoney','cw525',2,1338,100,2,2),(1339,'利润额','利润额','profit','cw525',2,1339,100,2,2),(1340,'其他收入','其他收入','otherIn','cw525',2,1340,100,2,2),(1341,'费用合计','费用合计','costTotal','cw525',2,1341,100,2,2),(1342,'回款合计','回款合计','returenMoney','cw525',2,1342,100,2,2),(1343,'本期创利','本期创利','periodProfit','cw525',2,1343,100,2,2),(1344,'部门编号','部门编号','dept.code','cw526',2,1344,100,2,1),(1345,'部门全名','部门全名','deptName','cw526',2,1345,100,2,1),(1346,'进货金额','进货金额','inMoney','cw526',2,1346,100,2,2),(1347,'进货未付款','进货未付款','inWaitMoney','cw526',2,1347,100,2,2),(1348,'销售金额','销售金额','outMoney','cw526',2,1348,100,2,2),(1349,'销售未付款','销售未付款','outWaitMoney','cw526',2,1349,100,2,2),(1350,'成本金额','成本金额','costMoney','cw526',2,1350,100,2,2),(1351,'利润额','利润额','profit','cw526',2,1351,100,2,2),(1352,'其他收入','其他收入','otherIn','cw526',2,1352,100,2,2),(1353,'费用合计','费用合计','costTotal','cw526',2,1353,100,2,2),(1354,'回款合计','回款合计','returenMoney','cw526',2,1354,100,2,2),(1355,'本期创利','本期创利','periodProfit','cw526',2,1355,100,2,2),(1356,'地区编号','地区编号','area.code','cw527',2,1356,100,2,1),(1357,'地区全名','地区全名','areaName','cw527',2,1357,100,2,1),(1358,'进货金额','进货金额','inMoney','cw527',2,1358,100,2,2),(1359,'进货未付款','进货未付款','inWaitMoney','cw527',2,1359,100,2,2),(1360,'销售金额','销售金额','outMoney','cw527',2,1360,100,2,2),(1361,'销售未付款','销售未付款','outWaitMoney','cw527',2,1361,100,2,2),(1362,'成本金额','成本金额','costMoney','cw527',2,1362,100,2,2),(1363,'利润额','利润额','profit','cw527',2,1363,100,2,2),(1364,'其他收入','其他收入','otherIn','cw527',2,1364,100,2,2),(1365,'费用合计','费用合计','costTotal','cw527',2,1365,100,2,2),(1366,'回款合计','回款合计','returenMoney','cw527',2,1366,100,2,2),(1367,'本期创利','本期创利','periodProfit','cw527',2,1367,100,2,2),(1368,'单据类型','单据类型','bt.name','cw528',2,1368,100,1,1),(1369,'单据字头','单据字头','bt.prefix','cw528',2,1369,100,1,1),(1370,'单据编号','单据编号','arap.billCode','cw528',2,1370,100,1,1),(1371,'录单时间','录单时间','arap.recodeTime','cw528',2,1371,100,1,1),(1372,'摘要','摘要','arap.billAbstract','cw528',2,1372,100,1,1),(1373,'增加金额','增加金额','arap.addMoney','cw528',2,1373,100,1,2),(1374,'减少金额','减少金额','arap.subMoney','cw528',2,1374,100,1,2),(1375,'应收金额','应收金额','arapMoney','cw528',2,1375,100,1,1),(1376,'单据类型','单据类型','bt.name','cw529',2,1376,100,1,1),(1377,'单据字头','单据字头','bt.prefix','cw529',2,1377,100,1,1),(1378,'单据编号','单据编号','arap.billCode','cw529',2,1378,100,1,1),(1379,'录单时间','录单时间','arap.recodeTime','cw529',2,1379,100,1,1),(1380,'摘要','摘要','arap.billAbstract','cw529',2,1380,100,1,1),(1381,'增加金额','增加金额','arap.addMoney','cw529',2,1381,100,1,2),(1382,'减少金额','减少金额','arap.subMoney','cw529',2,1382,100,1,2),(1383,'应付金额','应付金额','arapMoney','cw529',2,1383,100,1,1),(1384,'单位编号','单位编号','bu.code','cw530',2,1384,100,2,1),(1385,'单位全名','单位全名','bu.fullName','cw530',2,1385,100,2,1),(1386,'金额','金额','money','cw530',2,1386,100,2,2),(1387,'单位编号','单位编号','bu.code','cw531',2,1387,100,2,1),(1388,'单位全名','单位全名','unitName','cw531',2,1388,100,2,1),(1389,'应收金额','应收金额','arap.addMoney','cw531',2,1389,100,2,2),(1390,'应付金额','应付金额','arap.subMoney','cw531',2,1390,100,2,2),(1391,'职员编号','职员编号','bs.code','cw532',2,1391,100,2,1),(1392,'职员全名','职员全名','staffName','cw532',2,1392,100,2,1),(1393,'应收金额','应收金额','arap.addMoney','cw532',2,1393,100,2,2),(1394,'应付金额','应付金额','arap.subMoney','cw532',2,1394,100,2,2),(1395,'单位编号','单位编号','code','cw513',2,1395,100,2,1),(1396,'单位全名','单位全名','fullName','cw513',2,1396,100,2,1),(1397,'进货价税合计','进货价税合计','inTaxMoneys','cw513',2,1397,100,2,2),(1398,'销售价税合计','销售价税合计','outTaxMoneys','cw513',2,1398,100,2,2),(1399,'付款金额','付款金额','payMoney','cw513',2,1399,100,2,2),(1400,'回款金额','回款金额','getMoney','cw513',2,1400,100,2,2),(1401,'应收余额','应收余额','totalGet','cw513',2,1401,100,2,2),(1402,'应付余额','应付余额','totalPay','cw513',2,1402,100,2,2),(1403,'应收上限','应收上限','getMoneyLimit','cw513',2,1403,100,2,2),(1404,'应付上限','应付上限','payMoneyLimit','cw513',2,1404,100,2,2),(1405,'应收越限','应收越限','hasOverGet','cw513',2,1405,100,1,1),(1406,'应付越限','应付越限','hasOverPay','cw513',2,1406,100,1,1),(1407,'单位编号','单位编号','unit.code','cw514',2,1407,100,2,1),(1408,'单位全名','单位全名','unit.fullName','cw514',2,1408,100,2,1),(1409,'职员编号','职员编号','staff.code','cw514',2,1409,100,2,1),(1410,'职员全名','职员全名','staff.fullName','cw514',2,1410,100,2,1),(1411,'地区全名','地区全名','unit.areaFullName1','cw514',2,1411,100,2,1),(1412,'部门编号','部门编号','dept.code','cw514',2,1412,100,2,1),(1413,'部门全名','部门全名','dept.fullName','cw514',2,1413,100,2,1),(1414,'仓库编号','仓库编号','sto.code','cw514',2,1414,100,2,1),(1415,'仓库全名','仓库全名','sto.fullName','cw514',2,1415,100,2,1),(1416,'单据日期','单据日期','t.recodeDate','cw514',2,1416,100,2,1),(1417,'单据类型','单据类型','t.billTypeName','cw514',2,1417,100,1,1),(1418,'单据编号','单据编号','t.billCode','cw514',2,1418,100,2,1),(1419,'商品编号','商品编号','pro.code','cw514',2,1419,100,2,1),(1420,'商品全名','商品全名','pro.fullName','cw514',2,1420,100,2,1),(1421,'商品简名','商品简名','pro.smallName','cw514',1,1421,100,2,1),(1422,'商品拼音码','商品拼音码','pro.spell','cw514',1,1422,100,2,1),(1423,'商品规格','商品规格','pro.standard','cw514',1,1423,100,2,1),(1424,'商品型号','商品型号','pro.model','cw514',1,1424,100,2,1),(1425,'商品产地','商品产地','pro.field','cw514',1,1425,100,2,1),(1426,'商品图片','商品图片','pro.savePath','cw514',1,1426,100,1,1),(1427,'辅助数量','辅助数量','helpAmount','cw514',1,1427,100,1,1),(1428,'商品数量','商品数量','amount','cw514',2,1428,100,2,2),(1429,'计量单位','计量单位','baseUnit','cw514',2,1429,100,1,1),(1430,'含税单价','含税单价','taxPrice','cw514',2,1430,100,2,1),(1431,'科目编号','科目编号','accounts.code','cw514',2,1431,100,2,1),(1432,'科目全名','科目全名','accounts.fullName','cw514',2,1432,100,2,1),(1433,'应收增加','应收增加','getMoney1','cw514',2,1433,100,2,2),(1434,'应收减少','应收减少','payMoney1','cw514',2,1434,100,2,2),(1435,'应收余额','应收余额','lastMoney','cw514',2,1435,100,1,1),(1436,'备注','备注','billRemark','cw514',2,1436,100,1,1),(1437,'附加说明','附加说明','billMemo','cw514',1,1437,100,1,1),(1438,'单位编号','单位编号','unit.code','cw515',2,1438,100,2,1),(1439,'单位全名','单位全名','unit.fullName','cw515',2,1439,100,2,1),(1440,'职员编号','职员编号','staff.code','cw515',2,1440,100,2,1),(1441,'职员全名','职员全名','staff.fullName','cw515',2,1441,100,2,1),(1442,'地区全名','地区全名','unit.areaFullName1','cw515',2,1442,100,2,1),(1443,'部门编号','部门编号','dept.code','cw515',2,1443,100,2,1),(1444,'部门全名','部门全名','dept.fullName','cw515',2,1444,100,2,1),(1445,'仓库编号','仓库编号','sto.code','cw515',2,1445,100,2,1),(1446,'仓库全名','仓库全名','sto.fullName','cw515',2,1446,100,2,1),(1447,'单据日期','单据日期','t.recodeDate','cw515',2,1447,100,2,1),(1448,'单据类型','单据类型','t.billTypeName','cw515',2,1448,100,1,1),(1449,'单据编号','单据编号','t.billCode','cw515',2,1449,100,2,1),(1450,'科目编号','科目编号','accounts.code','cw515',2,1450,100,2,1),(1451,'科目全名','科目全名','accounts.fullName','cw515',2,1451,100,2,1),(1452,'应收增加','应收增加','getMoney1','cw515',2,1452,100,2,2),(1453,'应收减少','应收减少','payMoney1','cw515',2,1453,100,2,2),(1454,'应收余额','应收余额','lastMoney','cw515',2,1454,100,1,1),(1455,'备注','备注','billRemark','cw515',2,1455,100,1,1),(1456,'附加说明','附加说明','billMemo','cw515',2,1456,100,1,1),(1457,'单据类型','单据类型','orderTypeName','cw516',2,1457,100,2,1),(1458,'单据编号','单据编号','code','cw516',2,1458,100,2,1),(1459,'日期','日期','recodeDate','cw516',2,1459,100,2,1),(1460,'收付款日期','收付款日期','deliveryDate','cw516',2,1460,100,2,1),(1461,'摘要','摘要','remark','cw516',2,1461,100,2,1),(1462,'金额','金额','taxMoneys','cw516',2,1462,100,2,2),(1463,'余额','余额','lastMoney','cw516',2,1463,100,2,2),(1464,'单据编号','单据编号','code','cw517',2,1464,100,2,1),(1465,'单位编号','单位编号','unitCode','cw517',2,1465,100,2,1),(1466,'单位全名','单位全名','unitFullName','cw517',2,1466,100,2,1),(1467,'价税合计','价税合计','taxMoneys','cw517',2,1467,100,2,2),(1468,'已收金额','已收金额','hasMoney','cw517',2,1468,100,2,2),(1469,'期限日期','期限日期','termDate','cw517',2,1469,100,2,1),(1470,'延期日期','延期日期','delayTermDate','cw517',2,1470,100,2,1),(1471,'欠款金额','欠款金额','hasNoMoney','cw517',2,1471,100,2,2),(1472,'原因','原因','isWarn','cw517',2,1472,100,1,1),(1473,'单据编号','单据编号','code','cw518',2,1473,100,2,1),(1474,'单位编号','单位编号','unitCode','cw518',2,1474,100,2,1),(1475,'单位全名','单位全名','unitFullName','cw518',2,1475,100,2,1),(1476,'价税合计','价税合计','taxMoneys','cw518',2,1476,100,2,2),(1477,'已付金额','已付金额','hasMoney','cw518',2,1477,100,2,2),(1478,'期限日期','期限日期','termDate','cw518',2,1478,100,2,1),(1479,'延期日期','延期日期','delayTermDate','cw518',2,1479,100,2,1),(1480,'未结金额','未结金额','hasNoMoney','cw518',2,1480,100,2,2),(1481,'原因','原因','isWarn','cw518',2,1481,100,1,1),(1482,'单据编号','单据编号','billCode','djzx500',2,1482,100,2,1),(1483,'录单时间','录单时间','recodeDate','djzx500',2,1483,100,2,1),(1484,'过账时间','过账时间','postTime','djzx500',2,1484,100,2,1),(1485,'单据类型','单据类型','bt.name','djzx500',2,1485,100,2,1),(1486,'单位编号','单位编号','unit.code','djzx500',2,1486,100,2,1),(1487,'单位全名','单位全名','unit.fullName','djzx500',2,1487,100,2,1),(1488,'经手人编号','经手人编号','staff.code','djzx500',2,1488,100,2,1),(1489,'经手人全名','经手人全名','staff.name','djzx500',2,1489,100,2,1),(1490,'部门编号','部门编号','dept.code','djzx500',2,1490,100,2,1),(1491,'部门全名','部门全名','dept.fullName','djzx500',2,1491,100,2,1),(1492,'附加说明','附加说明','memo','djzx500',2,1492,100,2,1),(1493,'摘要','摘要','remark','djzx500',2,1493,100,2,1),(1494,'金额','金额','money','djzx500',2,1494,100,2,2),(1495,'制单人','制单人','producer','djzx500',2,1495,100,2,1),(1496,'过账人','过账人','postUsre','djzx500',2,1496,100,2,1),(1497,'单据编号','单据编号','billCode','djzx501',2,1497,100,2,1),(1498,'录单时间','录单时间','recodeDate','djzx501',2,1498,100,2,1),(1499,'存盘时间','存盘时间','postTime','djzx501',2,1499,100,2,1),(1500,'单据类型','单据类型','bt.name','djzx501',2,1500,100,2,1),(1501,'单位编号','单位编号','unit.code','djzx501',2,1501,100,2,1),(1502,'单位全名','单位全名','unit.fullName','djzx501',2,1502,100,2,1),(1503,'职员编号','职员编号','staff.code','djzx501',2,1503,100,2,1),(1504,'职员全名','职员全名','staff.name','djzx501',2,1504,100,2,1),(1505,'部门编号','部门编号','dept.code','djzx501',2,1505,100,2,1),(1506,'部门全名','部门全名','dept.fullName','djzx501',2,1506,100,2,1),(1507,'附加说明','附加说明','memo','djzx501',2,1507,100,2,1),(1508,'摘要','摘要','remark','djzx501',2,1508,100,2,1),(1509,'金额','金额','money','djzx501',2,1509,100,2,2),(1510,'制单人','制单人','producer','djzx501',2,1510,100,2,1),(1511,'商品编号','商品编号','code','fz500',2,1511,100,2,1),(1512,'商品全名','商品全名','fullName','fz500',2,1512,100,2,1),(1513,'商品简称','商品简称','smallName','fz500',2,1513,100,2,1),(1514,'商品拼音','商品拼音','spell','fz500',2,1514,100,2,1),(1515,'规格','规格','standard','fz500',2,1515,100,2,1),(1516,'型号','型号','model','fz500',2,1516,100,2,1),(1517,'产地','产地','field','fz500',2,1517,100,2,1),(1518,'图片','图片','savePath','fz500',2,1518,100,1,1),(1519,'计量单位','计量单位','unit.calculateUnit','fz500',2,1519,100,2,1),(1520,'条码','条码','unit.barCode','fz500',2,1520,100,2,1),(1521,'零售价','零售价','unit.retailPrice','fz500',2,1521,100,2,1),(1522,'预设售价1','预设售价1','unit.defaultPrice1','fz500',2,1522,100,2,1),(1523,'预设售价2','预设售价2','unit.defaultPrice2','fz500',2,1523,100,2,1),(1524,'预设售价3','预设售价3','unit.defaultPrice3','fz500',2,1524,100,2,1),(1525,'最近进价','最近进价','lastCostPrice','fz500',2,1525,100,2,1),(1526,'最低售价','最低售价','minSellPrice','fz500',2,1526,100,2,1),(1527,'商品成本价','商品成本价','avgprice','fz500',2,1527,100,2,1),(1528,'毛利率(%)','毛利率(%)','grossMargin','fz500',2,1528,100,2,1),(1529,'数量','数量','amount','fz500',2,1529,100,2,1),(1530,'模板名称','模板名称','tmp.tmpName','fz501',2,1530,100,2,1),(1531,'商品编号','商品编号','pro.code','fz501',2,1531,80,2,1),(1532,'商品全名','商品全名','pro.fullName','fz501',2,1532,150,2,1),(1533,'商品简名','商品简名','pro.smallName','fz501',1,1533,100,2,1),(1534,'商品拼音码','商品拼音码','pro.spell','fz501',1,1534,100,2,1),(1535,'商品规格','规格','pro.standard','fz501',2,1535,100,2,1),(1536,'商品型号','商品型号','pro.model','fz501',1,1536,100,2,1),(1537,'商品产地','商品产地','pro.field','fz501',1,1537,100,2,1),(1538,'基本条码','基本条码','pro.barCode1','fz501',1,1538,100,2,1),(1539,'基本单位','基本单位','pro.calculateUnit1','fz501',1,1539,100,2,1),(1540,'辅助单位','辅助单位','pro.assistUnit','fz501',1,1540,100,2,1),(1541,'商品图片','商品图片','pro.savePath','fz501',2,1541,100,1,1),(1542,'商品编号','商品编号','pro.code','fz502',2,1542,100,2,1),(1543,'商品全名','商品全名','pro.fullName','fz502',2,1543,100,2,1),(1544,'商品简名','商品简名','pro.smallName','fz502',2,1544,100,2,1),(1545,'商品拼音码','商品拼音码','pro.spell','fz502',2,1545,100,2,1),(1546,'商品规格','商品规格','pro.standard','fz502',2,1546,100,2,1),(1547,'商品型号','商品型号','pro.model','fz502',2,1547,100,2,1),(1548,'商品产地','商品产地','pro.field','fz502',2,1548,100,2,1),(1549,'商品图片','商品图片','pro.savePath','fz502',2,1549,100,1,1),(1550,'单位编号','单位编号','unit.code','fz502',2,1550,100,2,1),(1551,'单位全名','单位全名','unit.fullName','fz502',2,1551,100,2,1),(1552,'计量单位','计量单位','pd.selectUnitId','fz502',2,1552,100,2,1),(1553,'最近进价','最近进价','pd.lastCostPrice','fz502',2,1553,100,2,1),(1554,'最近售价','最近售价','pd.lastSellPrice','fz502',2,1554,100,2,1),(1555,'最近进货折扣','最近进货折扣','pd.lastCostDiscouont','fz502',2,1555,100,2,1),(1556,'最近销售折扣','最近销售折扣','pd.lastSellDiscouont','fz502',2,1556,100,2,1),(1557,'最近进货时间','最近进货时间','pd.lastCostDate','fz502',2,1557,100,2,1),(1558,'最近销售时间','最近销售时间','pd.lastSellDate','fz502',2,1558,100,2,1),(1559,'条码','条码','pro.barCode','fz502',2,1559,100,1,1),(1560,'标记','标记','pd.isMark','fz502',2,1560,100,1,1),(1561,'账龄','账龄','monthsName','sys500',2,1561,100,1,1),(1562,'起始日期','起始日期','startDate','sys500',2,1562,100,1,1),(1563,'结束日期','结束日期','endDate','sys500',2,1563,100,1,1),(1564,'本月单据数','本月单据数','billCount','sys500',2,1564,100,1,2),(1565,'月结期间','月结期间','monthCount','sys500',2,1565,100,1,1),(1566,'年份','年份','yearsName','sys501',2,1566,100,1,1),(1567,'起始日期','起始日期','startDate','sys501',2,1567,100,1,1),(1568,'结束日期','结束日期','endDate','sys501',2,1568,100,1,1),(1569,'本年单据数','本年单据数','billCount','sys501',2,1569,100,1,2),(1572,'辅助销售数量','辅助销售数量','helpAmount','xs500',1,1572,100,1,1),(1592,'商品编号','商品编号','code','b501',2,1572,80,2,1),(1593,'商品全名','商品全名','fullName','b501',2,1573,150,2,1),(1594,'商品简名','商品简名','smallName','b501',1,1574,100,2,1),(1595,'商品拼音码','商品拼音码','spell','b501',1,1575,100,2,1),(1596,'规格','规格','standard','b501',2,1576,100,2,1),(1597,'型号','型号','model','b501',1,1577,100,2,1),(1598,'产地','产地','field','b501',1,1578,100,2,1),(1599,'辅助单位','辅助单位','assistUnit','b501',1,1579,100,2,1),(1600,'基本单位名称','单位','calculateUnit1','b501',2,1580,100,2,1),(1601,'零售价','零售价','retailPrice1','b501',1,1581,100,2,1),(1602,'条码','条码','barCode1','b501',2,1582,100,2,1),(1603,'预设售价1','预设售价1','defaultPrice11','b501',1,1583,100,2,1),(1604,'预设售价2','预设售价2','defaultPrice12','b501',1,1584,100,2,1),(1605,'预设售价3','预设售价3','defaultPrice13','b501',1,1585,100,2,1),(1606,'图片','图片','savePath','b501',2,1586,100,2,1),(1607,'商品备注','商品备注','memo','b501',2,1587,200,2,1),(1608,'状态','状态','status','b501',2,1588,100,2,1),(1609,'成本算法','成本算法','costArith','b501',1,1589,100,2,1),(1610,'有效期(天)','有效期(天)','validity','b501',1,1590,100,2,1);

/*Data for the table `sys_bill_row` */

insert  into `sys_bill_row`(`id`,`name`,`showName`,`code`,`billId`,`status`,`rank`,`width`,`userId`,`isSys`,`linkage`) values (1,'商品编号','商品编号','code',1,2,1,80,NULL,1,NULL),(2,'商品全名','商品全名','fullName',1,2,2,150,NULL,1,NULL),(3,'商品简称','商品简称','smallName',1,1,3,100,NULL,0,NULL),(4,'商品拼音','商品拼音','spell',1,1,4,100,NULL,0,NULL),(5,'商品规格','规格','standard',1,2,5,100,NULL,0,NULL),(6,'商品型号','商品型号','model',1,1,6,100,NULL,0,NULL),(7,'商品产地','商品产地','field',1,1,7,100,NULL,0,NULL),(8,'单位','单位','unit',1,2,8,100,NULL,1,NULL),(9,'生产日期','生产日期','produceDate',1,1,9,100,NULL,0,NULL),(10,'批号','批号','batch',1,1,10,100,NULL,0,NULL),(11,'辅助数量','辅助数量','helpAmount',1,1,11,100,NULL,0,NULL),(12,'基本数量','基本数量','baseAmount',1,1,12,100,NULL,0,NULL),(13,'辅助数量1','辅助数量1','baseAmount1',1,1,13,100,NULL,0,NULL),(14,'辅助数量2','辅助数量2','baseAmount2',1,1,14,100,NULL,0,NULL),(15,'数量','数量','amount',1,2,15,100,NULL,1,NULL),(16,'单价','单价','price',1,2,16,100,NULL,1,NULL),(17,'金额','金额','money',1,2,17,100,NULL,1,NULL),(18,'折扣','折扣','discount',1,1,18,100,NULL,0,'1'),(19,'折后单价','折后单价','discountPrice',1,1,19,100,NULL,0,'1'),(20,'折扣金额','折扣金额','discountMoney',1,1,20,100,NULL,0,'1'),(21,'税率','税率','taxRate',1,1,21,100,NULL,0,'2'),(22,'含税率单价','含税率单价','taxPrice',1,1,22,100,NULL,0,'2'),(23,'税额','税额','tax',1,1,23,100,NULL,0,'2'),(24,'含税金额','含税金额','taxMoney',1,1,24,100,NULL,0,'2'),(25,'备注','备注','memo',1,2,26,200,NULL,0,NULL),(26,'状态','状态','status',1,2,25,50,NULL,1,NULL),(27,'到货数量','到货数量','arrivalAmount',1,1,27,100,NULL,0,NULL),(28,'条码','条码','barCode',1,1,28,100,NULL,0,NULL),(29,'辅助单位','辅助单位','helpUnit',1,1,29,100,NULL,0,NULL),(30,'附加信息','附加信息','message',1,1,30,100,NULL,0,NULL),(31,'商品编号','商品编号','code',5,2,31,80,NULL,1,NULL),(32,'商品全名','商品全名','fullName',5,2,32,150,NULL,1,NULL),(33,'商品简称','商品简称','smallName',5,1,33,100,NULL,0,NULL),(34,'商品拼音','商品拼音','spell',5,1,34,100,NULL,0,NULL),(35,'商品规格','规格','standard',5,2,35,100,NULL,0,NULL),(36,'商品型号','商品型号','model',5,1,36,100,NULL,0,NULL),(37,'商品产地','商品产地','field',5,1,37,100,NULL,0,NULL),(38,'仓库编号','仓库编号','storageCode',5,1,38,100,NULL,0,'1'),(39,'仓库全名','仓库全名','storageName',5,1,39,100,NULL,0,'1'),(40,'单位','单位','unit',5,2,40,100,NULL,1,NULL),(41,'生产日期','生产日期','produceDate',5,1,41,100,NULL,0,NULL),(42,'辅助数量','辅助数量','helpAmount',5,1,42,100,NULL,0,NULL),(43,'基本数量','基本数量','baseAmount',5,1,43,100,NULL,0,NULL),(44,'辅助数量1','辅助数量1','baseAmount1',5,1,44,100,NULL,0,NULL),(45,'辅助数量2','辅助数量2','baseAmount2',5,1,45,100,NULL,0,NULL),(46,'数量','数量','amount',5,2,46,100,NULL,1,NULL),(47,'单价','单价','price',5,2,47,100,NULL,1,NULL),(48,'金额','金额','money',5,2,48,100,NULL,1,NULL),(49,'折扣','折扣','discount',5,1,49,100,NULL,0,'2'),(50,'折后单价','折后单价','discountPrice',5,1,50,100,NULL,0,'2'),(51,'折扣金额','折扣金额','discountMoney',5,1,51,100,NULL,0,'2'),(52,'税率','税率','taxRate',5,1,52,100,NULL,0,'3'),(53,'含税率单价','含税率单价','taxPrice',5,1,53,100,NULL,0,'3'),(54,'税额','税额','tax',5,1,54,100,NULL,0,'3'),(55,'含税金额','含税金额','taxMoney',5,1,55,100,NULL,0,'3'),(56,'零售价','零售价','retailPrice',5,1,56,100,NULL,0,'4'),(57,'零售金额','零售金额','retailMoney',5,1,57,100,NULL,0,'4'),(58,'备注','备注','memo',5,2,59,200,NULL,0,NULL),(59,'状态','状态','status',5,2,58,50,NULL,1,NULL),(60,'辅助单位','辅助单位','helpUnit',5,1,60,100,NULL,0,NULL),(61,'附加信息','附加信息','message',5,1,61,100,NULL,0,NULL),(62,'批号','批号','batch',5,1,62,100,NULL,0,NULL),(63,'条码','条码','barCode',5,1,63,100,NULL,0,NULL),(64,'商品编号','商品编号','code',6,2,64,80,NULL,1,NULL),(65,'商品全名','商品全名','fullName',6,2,65,150,NULL,1,NULL),(66,'商品简称','商品简称','smallName',6,1,66,100,NULL,0,NULL),(67,'商品拼音','商品拼音','spell',6,1,67,100,NULL,0,NULL),(68,'商品规格','规格','standard',6,2,68,100,NULL,0,NULL),(69,'商品型号','商品型号','model',6,1,69,100,NULL,0,NULL),(70,'商品产地','商品产地','field',6,1,70,100,NULL,0,NULL),(71,'仓库编号','仓库编号','storageCode',6,1,71,100,NULL,0,'1'),(72,'仓库全名','仓库全名','storageName',6,1,72,100,NULL,0,'1'),(73,'单位','单位','unit',6,2,73,100,NULL,1,NULL),(74,'生产日期','生产日期','produceDate',6,1,74,100,NULL,0,NULL),(75,'辅助数量','辅助数量','helpAmount',6,1,75,100,NULL,0,NULL),(76,'基本数量','基本数量','baseAmount',6,1,76,100,NULL,0,NULL),(77,'辅助数量1','辅助数量1','baseAmount1',6,1,77,100,NULL,0,NULL),(78,'辅助数量2','辅助数量2','baseAmount2',6,1,78,100,NULL,0,NULL),(79,'数量','数量','amount',6,2,79,100,NULL,1,NULL),(80,'单价','单价','price',6,2,80,100,NULL,1,NULL),(81,'金额','金额','money',6,2,81,100,NULL,1,NULL),(82,'折扣','折扣','discount',6,1,82,100,NULL,0,'2'),(83,'折后单价','折后单价','discountPrice',6,1,83,100,NULL,0,'2'),(84,'折扣金额','折扣金额','discountMoney',6,1,84,100,NULL,0,'2'),(85,'税率','税率','taxRate',6,1,85,100,NULL,0,'3'),(86,'含税率单价','含税率单价','taxPrice',6,1,86,100,NULL,0,'3'),(87,'税额','税额','tax',6,1,87,100,NULL,0,'3'),(88,'含税金额','含税金额','taxMoney',6,1,88,100,NULL,0,'3'),(89,'零售价','零售价','retailPrice',6,1,89,100,NULL,0,'4'),(90,'零售金额','零售金额','retailMoney',6,1,90,100,NULL,0,'4'),(91,'备注','备注','memo',6,2,92,200,NULL,0,NULL),(92,'状态','状态','status',6,2,91,50,NULL,1,NULL),(93,'辅助单位','辅助单位','helpUnit',6,1,93,100,NULL,0,NULL),(94,'附加信息','附加信息','message',6,1,94,100,NULL,0,NULL),(95,'批号','批号','batch',6,1,95,100,NULL,0,NULL),(96,'条码','条码','barCode',6,1,96,100,NULL,0,NULL),(97,'商品编号','商品编号','code',2,2,97,80,NULL,1,NULL),(98,'商品全名','商品全名','fullName',2,2,98,150,NULL,1,NULL),(99,'商品简称','商品简称','smallName',2,1,99,100,NULL,0,NULL),(100,'商品拼音','商品拼音','spell',2,1,100,100,NULL,0,NULL),(101,'商品规格','规格','standard',2,2,101,100,NULL,0,NULL),(102,'商品型号','商品型号','model',2,1,102,100,NULL,0,NULL),(103,'商品产地','商品产地','field',2,1,103,100,NULL,0,NULL),(104,'单位','单位','baseUnit',2,2,104,100,NULL,1,NULL),(105,'生产日期','生产日期','produceDate',2,1,105,100,NULL,0,NULL),(106,'批号','批号','batch',2,1,106,100,NULL,0,NULL),(107,'辅助数量','辅助数量','helpAmount',2,1,107,100,NULL,0,NULL),(108,'基本数量','基本数量','baseAmount',2,1,108,100,NULL,0,NULL),(109,'辅助数量1','辅助数量1','baseAmount1',2,1,109,100,NULL,0,NULL),(110,'辅助数量2','辅助数量2','baseAmount2',2,1,110,100,NULL,0,NULL),(111,'数量','数量','amount',2,2,111,100,NULL,1,NULL),(112,'单价','单价','price',2,2,112,100,NULL,1,NULL),(113,'金额','金额','money',2,2,113,100,NULL,1,NULL),(114,'折扣','折扣','discount',2,1,114,100,NULL,0,'1'),(115,'折后单价','折后单价','discountPrice',2,1,115,100,NULL,0,'1'),(116,'折扣金额','折扣金额','discountMoney',2,1,116,100,NULL,0,'1'),(117,'税率','税率','taxRate',2,1,117,100,NULL,0,'2'),(118,'含税率单价','含税率单价','taxPrice',2,1,118,100,NULL,0,'2'),(119,'税额','税额','tax',2,1,119,100,NULL,0,'2'),(120,'含税金额','含税金额','taxMoney',2,1,120,100,NULL,0,'2'),(121,'备注','备注','memo',2,2,122,200,NULL,0,NULL),(122,'状态','状态','status',2,2,121,50,NULL,1,NULL),(123,'到货数量','到货数量','arrivalAmount',2,1,123,100,NULL,0,NULL),(124,'条码','条码','barCode',2,1,124,100,NULL,0,NULL),(125,'辅助单位','辅助单位','helpUnit',2,1,125,100,NULL,0,NULL),(126,'附加信息','附加信息','message',2,1,126,100,NULL,0,NULL),(127,'商品编号','商品编号','code',4,2,127,80,NULL,1,NULL),(128,'商品全名','商品全名','fullName',4,2,128,150,NULL,1,NULL),(129,'商品简称','商品简称','smallName',4,1,129,100,NULL,0,NULL),(130,'商品拼音','商品拼音','spell',4,1,130,100,NULL,0,NULL),(131,'商品规格','规格','standard',4,2,131,100,NULL,0,NULL),(132,'商品型号','商品型号','model',4,1,132,100,NULL,0,NULL),(133,'商品产地','商品产地','field',4,1,133,100,NULL,0,NULL),(134,'单位','单位','baseUnit',4,2,134,100,NULL,1,NULL),(135,'生产日期','生产日期','produceDate',4,1,135,100,NULL,0,NULL),(136,'批号','批号','batch',4,1,136,100,NULL,0,NULL),(137,'辅助数量','辅助数量','helpAmount',4,1,137,100,NULL,0,NULL),(138,'基本数量','基本数量','baseAmount',4,1,138,100,NULL,0,NULL),(139,'辅助数量1','辅助数量1','baseAmount1',4,1,139,100,NULL,0,NULL),(140,'辅助数量2','辅助数量2','baseAmount2',4,1,140,100,NULL,0,NULL),(141,'数量','数量','amount',4,2,141,100,NULL,1,NULL),(142,'单价','单价','price',4,2,142,100,NULL,1,NULL),(143,'金额','金额','money',4,2,143,100,NULL,1,NULL),(144,'折扣','折扣','discount',4,1,144,100,NULL,0,'3'),(145,'折后单价','折后单价','discountPrice',4,1,145,100,NULL,0,'3'),(146,'折扣金额','折扣金额','discountMoney',4,1,146,100,NULL,0,'3'),(147,'税率','税率','taxRate',4,1,147,100,NULL,0,'4'),(148,'含税率单价','含税率单价','taxPrice',4,1,148,100,NULL,0,'4'),(149,'税额','税额','tax',4,1,149,100,NULL,0,'4'),(150,'含税金额','含税金额','taxMoney',4,1,150,100,NULL,0,'4'),(151,'备注','备注','memo',4,2,152,200,NULL,0,NULL),(152,'状态','状态','status',4,2,151,50,NULL,1,NULL),(153,'到货数量','到货数量','arrivalAmount',4,1,153,100,NULL,0,NULL),(154,'条码','条码','barCode',4,1,154,100,NULL,0,NULL),(155,'辅助单位','辅助单位','helpUnit',4,1,155,100,NULL,0,NULL),(156,'附加信息','附加信息','message',4,1,156,100,NULL,0,NULL),(157,'零售价','零售价','retailPrice',4,1,157,100,NULL,0,'2'),(158,'零售金额','零售金额','retailMoney',4,1,158,100,NULL,0,'2'),(159,'仓库编号','仓库编号','storageCode',4,1,159,100,NULL,0,'1'),(160,'仓库全名','仓库全名','storageFullName',4,1,160,100,NULL,0,'1'),(161,'商品编号','商品编号','code',7,2,161,80,NULL,1,NULL),(162,'商品全名','商品全名','fullName',7,2,162,150,NULL,1,NULL),(163,'商品简称','商品简称','smallName',7,1,163,100,NULL,0,NULL),(164,'商品拼音','商品拼音','spell',7,1,164,100,NULL,0,NULL),(165,'商品规格','规格','standard',7,2,165,100,NULL,0,NULL),(166,'商品型号','商品型号','model',7,1,166,100,NULL,0,NULL),(167,'商品产地','商品产地','field',7,1,167,100,NULL,0,NULL),(168,'单位','单位','baseUnit',7,2,168,100,NULL,1,NULL),(169,'生产日期','生产日期','produceDate',7,1,169,100,NULL,0,NULL),(170,'批号','批号','batch',7,1,170,100,NULL,0,NULL),(171,'辅助数量','辅助数量','helpAmount',7,1,171,100,NULL,0,NULL),(172,'基本数量','基本数量','baseAmount',7,1,172,100,NULL,0,NULL),(173,'辅助数量1','辅助数量1','baseAmount1',7,1,173,100,NULL,0,NULL),(174,'辅助数量2','辅助数量2','baseAmount2',7,1,174,100,NULL,0,NULL),(175,'数量','数量','amount',7,2,175,100,NULL,1,NULL),(176,'单价','单价','price',7,2,176,100,NULL,1,NULL),(177,'金额','金额','money',7,2,177,100,NULL,1,NULL),(178,'折扣','折扣','discount',7,1,178,100,NULL,0,'1'),(179,'折后单价','折后单价','discountPrice',7,1,179,100,NULL,0,'1'),(180,'折扣金额','折扣金额','discountMoney',7,1,180,100,NULL,0,'1'),(181,'税率','税率','taxRate',7,1,181,100,NULL,0,'2'),(182,'含税率单价','含税率单价','taxPrice',7,1,182,100,NULL,0,'2'),(183,'税额','税额','tax',7,1,183,100,NULL,0,'2'),(184,'含税金额','含税金额','taxMoney',7,1,184,100,NULL,0,'2'),(185,'备注','备注','memo',7,2,186,200,NULL,0,NULL),(186,'状态','状态','status',7,2,185,50,NULL,1,NULL),(187,'到货数量','到货数量','arrivalAmount',7,1,187,100,NULL,0,NULL),(188,'条码','条码','barCode',7,1,188,100,NULL,0,NULL),(189,'辅助单位','辅助单位','helpUnit',7,1,189,100,NULL,0,NULL),(190,'附加信息','附加信息','message',7,1,190,100,NULL,0,NULL),(191,'零售价','零售价','retailPrice',7,1,191,100,NULL,0,'3'),(192,'零售金额','零售金额','retailMoney',7,1,192,100,NULL,0,'3'),(193,'仓库编号','仓库编号','storageCode',7,1,193,100,NULL,0,'4'),(194,'仓库全名','仓库全名','storageFullName',7,1,194,100,NULL,0,'4'),(195,'商品编号','商品编号','code',3,2,195,80,NULL,1,NULL),(196,'商品全名','商品全名','fullName',3,2,196,150,NULL,1,NULL),(197,'商品简称','商品简称','smallName',3,1,197,100,NULL,0,NULL),(198,'商品拼音','商品拼音','spell',3,1,198,100,NULL,0,NULL),(199,'商品规格','规格','standard',3,2,199,100,NULL,0,NULL),(200,'商品型号','商品型号','model',3,1,200,100,NULL,0,NULL),(201,'商品产地','商品产地','field',3,1,201,100,NULL,0,NULL),(202,'基本单位','基本单位','baseUnit',3,1,202,NULL,NULL,0,NULL),(203,'盘点数量','盘点数量','takeStockAmount',3,2,203,NULL,NULL,1,NULL),(204,'辅助盘点数量','辅助盘点数量','helpTakeStockAmount',3,1,204,NULL,NULL,0,NULL),(205,'库存数量','库存数量','stockAmount',3,2,205,NULL,NULL,0,NULL),(206,'库存辅助数量','库存辅助数量','helpStockAmount',3,1,206,NULL,NULL,0,NULL),(207,'单价','单价','price',3,1,207,NULL,NULL,0,'3'),(208,'金额','金额','money',3,1,208,NULL,NULL,0,'3'),(209,'盈亏数量','盈亏数量','gainAndLossAmount',3,2,209,NULL,NULL,0,NULL),(210,'盈亏金额','盈亏金额','gainAndLossMoney',3,1,210,NULL,NULL,0,'3'),(211,'批号','批号','batchNum',3,1,211,NULL,NULL,0,NULL),(212,'生产日期','生产日期','creatDate',3,1,212,NULL,NULL,0,NULL),(213,'零售价','零售价','rlPrice',3,1,213,NULL,NULL,0,'4'),(214,'零售金额','零售金额','rlMoney',3,1,214,NULL,NULL,0,'4'),(215,'商品编号','商品编号','code',8,2,215,80,NULL,1,NULL),(216,'商品全名','商品全名','fullName',8,2,216,150,NULL,1,NULL),(217,'商品简称','商品简称','smallName',8,1,217,100,NULL,0,NULL),(218,'商品拼音','商品拼音','spell',8,1,218,100,NULL,0,NULL),(219,'商品规格','规格','standard',8,2,219,100,NULL,0,NULL),(220,'商品型号','商品型号','model',8,1,220,100,NULL,0,NULL),(221,'商品产地','商品产地','field',8,1,221,100,NULL,0,NULL),(222,'仓库编号','仓库编号','storageCode',8,1,222,100,NULL,0,NULL),(223,'仓库全名','仓库全名','storageFullName',8,1,223,100,NULL,0,NULL),(224,'单位','单位','baseUnit',8,2,224,100,NULL,0,NULL),(225,'辅助数量','辅助数量','helpAmount',8,1,225,100,NULL,0,NULL),(226,'数量','数量','amount',8,2,226,100,NULL,1,NULL),(227,'生产日期','生产日期','produceDate',8,1,227,100,NULL,0,NULL),(228,'批号','批号','batch',8,1,228,100,NULL,0,NULL),(229,'单价','单价','price',8,2,229,100,NULL,1,NULL),(230,'金额','金额','money',8,2,230,100,NULL,1,NULL),(231,'备注','备注','memo',8,2,231,100,NULL,0,NULL),(232,'商品编号','商品编号','code',9,2,232,80,NULL,1,NULL),(233,'商品全名','商品全名','fullName',9,2,233,150,NULL,1,NULL),(234,'商品简称','商品简称','smallName',9,1,234,100,NULL,0,NULL),(235,'商品拼音','商品拼音','spell',9,1,235,100,NULL,0,NULL),(236,'商品规格','规格','standard',9,2,236,100,NULL,0,NULL),(237,'商品型号','商品型号','model',9,1,237,100,NULL,0,NULL),(238,'商品产地','商品产地','field',9,1,238,100,NULL,0,NULL),(239,'仓库编号','仓库编号','storageCode',9,1,239,100,NULL,0,NULL),(240,'仓库全名','仓库全名','storageFullName',9,1,240,100,NULL,0,NULL),(241,'单位','单位','baseUnit',9,2,241,100,NULL,0,NULL),(242,'辅助数量','辅助数量','helpAmount',9,1,242,100,NULL,0,NULL),(243,'数量','数量','amount',9,2,243,100,NULL,1,NULL),(244,'生产日期','生产日期','produceDate',9,1,244,100,NULL,0,NULL),(245,'批号','批号','batch',9,1,245,100,NULL,0,NULL),(246,'单价','单价','price',9,2,246,100,NULL,1,NULL),(247,'金额','金额','money',9,2,247,100,NULL,1,NULL),(248,'备注','备注','memo',9,2,248,100,NULL,0,NULL),(249,'状态','状态','status',9,1,249,100,NULL,0,NULL),(250,'商品编号','商品编号','code',10,2,11,80,NULL,1,NULL),(251,'商品全名','商品全名','fullName',10,2,12,150,NULL,1,NULL),(252,'商品简称','商品简称','smallName',10,1,250,100,NULL,0,NULL),(253,'商品拼音','商品拼音','spell',10,1,251,100,NULL,0,NULL),(254,'商品规格','规格','standard',10,2,252,100,NULL,0,NULL),(255,'商品型号','商品型号','model',10,1,253,100,NULL,0,NULL),(256,'商品产地','商品产地','field',10,1,254,100,NULL,0,NULL),(257,'单位','单位','baseUnit',10,2,255,100,NULL,1,NULL),(258,'生产日期','生产日期','produceDate',10,1,259,100,NULL,0,NULL),(259,'批号','批号','batch',10,1,260,100,NULL,0,NULL),(260,'辅助数量','辅助数量','helpAmount',10,1,261,100,NULL,0,NULL),(261,'基本数量','基本数量','baseAmount',10,1,262,100,NULL,0,NULL),(262,'辅助数量1','辅助数量1','baseAmount1',10,1,263,100,NULL,0,NULL),(263,'辅助数量2','辅助数量2','baseAmount2',10,1,264,100,NULL,0,NULL),(264,'数量','数量','amount',10,2,256,100,NULL,1,NULL),(267,'备注','备注','memo',10,2,268,200,NULL,0,NULL),(268,'状态','状态','status',10,2,267,50,NULL,1,NULL),(269,'条码','条码','barCode',10,1,269,100,NULL,0,NULL),(270,'辅助单位','辅助单位','helpUnit',10,1,270,100,NULL,0,NULL),(271,'附加信息','附加信息','message',10,1,271,100,NULL,0,NULL),(272,'零售价','零售价','retailPrice',10,1,272,100,NULL,0,'2'),(273,'零售金额','零售金额','retailMoney',10,1,273,100,NULL,0,'2'),(274,'仓库编号','仓库编号','storageCode',10,1,274,100,NULL,0,'3'),(275,'仓库全名','仓库全名','storageFullName',10,1,275,100,NULL,0,'3'),(276,'商品编号','商品编号','code',11,2,276,80,NULL,1,NULL),(277,'商品全名','商品全名','fullName',11,2,277,150,NULL,1,NULL),(278,'商品简称','商品简称','smallName',11,1,278,100,NULL,0,NULL),(279,'商品拼音','商品拼音','spell',11,1,279,100,NULL,0,NULL),(280,'商品规格','规格','standard',11,2,280,100,NULL,0,NULL),(281,'商品型号','商品型号','model',11,1,281,100,NULL,0,NULL),(282,'商品产地','商品产地','field',11,1,282,100,NULL,0,NULL),(283,'单位','单位','baseUnit',11,2,283,100,NULL,1,NULL),(284,'生产日期','生产日期','produceDate',11,1,284,100,NULL,0,NULL),(285,'批号','批号','batch',11,1,285,100,NULL,0,NULL),(286,'辅助数量','辅助数量','helpAmount',11,1,286,100,NULL,0,NULL),(287,'基本数量','基本数量','baseAmount',11,1,287,100,NULL,0,NULL),(288,'辅助数量1','辅助数量1','baseAmount1',11,1,288,100,NULL,0,NULL),(289,'辅助数量2','辅助数量2','baseAmount2',11,1,289,100,NULL,0,NULL),(290,'数量','数量','amount',11,2,290,100,NULL,1,NULL),(291,'单价','单价','price',11,2,291,100,NULL,0,'1'),(292,'金额','金额','money',11,2,292,100,NULL,0,'1'),(293,'备注','备注','memo',11,2,293,200,NULL,0,NULL),(294,'条码','条码','barCode',11,1,294,100,NULL,0,NULL),(295,'辅助单位','辅助单位','helpUnit',11,1,295,100,NULL,0,NULL),(296,'附加信息','附加信息','message',11,1,296,100,NULL,0,NULL),(297,'零售价','零售价','retailPrice',11,1,297,100,NULL,0,'2'),(298,'零售金额','零售金额','retailMoney',11,1,298,100,NULL,0,'2'),(299,'仓库编号','仓库编号','storageCode',11,1,299,100,NULL,0,'3'),(300,'仓库全名','仓库全名','storageFullName',11,1,300,100,NULL,0,'3'),(301,'商品编号','商品编号','code',12,2,46,80,NULL,1,NULL),(302,'商品全名','商品全名','fullName',12,2,301,150,NULL,1,NULL),(303,'商品简称','商品简称','smallName',12,1,303,100,NULL,0,NULL),(305,'商品规格','规格','standard',12,2,305,100,NULL,0,NULL),(306,'商品型号','商品型号','model',12,1,306,100,NULL,0,NULL),(307,'商品产地','商品产地','field',12,1,307,100,NULL,0,NULL),(308,'仓库编号','仓库编号','storageCode',12,1,308,100,NULL,0,NULL),(309,'仓库全名','仓库全名','storageName',12,1,309,100,NULL,0,NULL),(310,'单位','单位','unit',12,2,310,100,NULL,1,NULL),(311,'生产日期','生产日期','produceDate',12,1,311,100,NULL,0,NULL),(312,'批号','批号','batch',12,1,312,100,NULL,0,NULL),(313,'辅助数量','辅助数量','helpAmount',12,1,313,100,NULL,0,NULL),(314,'基本数量','基本数量','baseAmount',12,1,314,100,NULL,0,NULL),(315,'辅助数量1','辅助数量1','baseAmount1',12,1,315,100,NULL,0,NULL),(316,'辅助数量2','辅助数量2','baseAmount2',12,1,316,100,NULL,0,NULL),(317,'数量','数量','amount',12,2,317,100,NULL,1,NULL),(318,'单价','单价','price',12,2,318,100,NULL,1,NULL),(319,'金额','金额','money',12,2,319,100,NULL,1,NULL),(320,'折扣','折扣','discount',12,1,320,100,NULL,0,'1'),(321,'折后单价','折后单价','discountPrice',12,1,321,100,NULL,0,'1'),(322,'折后金额','折后金额','discountMoney',12,1,322,100,NULL,0,'1'),(323,'税率','税率','taxRate',12,1,323,100,NULL,0,'2'),(324,'含税单价','含税单价','taxPrice',12,1,324,100,NULL,0,'2'),(325,'税额','税额','tax',12,1,325,100,NULL,0,'2'),(326,'含税金额','含税金额','taxMoney',12,1,326,100,NULL,0,'2'),(327,'零售价','零售价','retailPrice',12,1,327,100,NULL,0,'3'),(328,'零售金额','零售金额','retailMoney',12,1,328,100,NULL,0,'3'),(329,'备注','备注','memo',12,2,330,200,NULL,0,NULL),(330,'状态','状态','status',12,2,329,50,NULL,1,NULL),(331,'辅助单位','辅助单位','helpUnit',12,1,331,100,NULL,0,NULL),(332,'附加信息','附加信息','message',12,1,332,100,NULL,0,NULL),(333,'条码','条码','barCode',12,1,333,100,NULL,0,NULL),(334,'商品编号','商品编号','code',13,2,334,80,NULL,1,NULL),(335,'商品全名','商品全名','fullName',13,2,335,150,NULL,1,NULL),(336,'商品简称','商品简称','smallName',13,1,336,100,NULL,0,NULL),(337,'商品拼音','商品拼音','spell',13,1,337,100,NULL,0,NULL),(338,'商品规格','规格','standard',13,2,338,100,NULL,0,NULL),(339,'商品型号','商品型号','model',13,1,339,100,NULL,0,NULL),(340,'商品产地','商品产地','field',13,1,340,100,NULL,0,NULL),(341,'仓库编号','仓库编号','storageCode',13,1,341,100,NULL,0,'1'),(342,'仓库全名','仓库全名','storageName',13,1,342,100,NULL,0,'1'),(343,'单位','单位','unit',13,2,343,100,NULL,1,NULL),(344,'生产日期','生产日期','produceDate',13,1,344,100,NULL,0,NULL),(345,'批号','批号','batch',13,1,345,100,NULL,0,NULL),(346,'辅助数量','辅助数量','helpAmount',13,1,346,100,NULL,0,NULL),(347,'基本数量','基本数量','baseAmount',13,1,347,100,NULL,0,NULL),(348,'辅助数量1','辅助数量1','baseAmount1',13,1,348,100,NULL,0,NULL),(349,'辅助数量2','辅助数量2','baseAmount2',13,1,349,100,NULL,0,NULL),(350,'数量','数量','amount',13,2,350,100,NULL,1,NULL),(351,'单价','单价','price',13,2,351,100,NULL,1,NULL),(352,'金额','金额','money',13,2,352,100,NULL,1,NULL),(353,'折扣','折扣','discount',13,1,353,100,NULL,0,'2'),(354,'折后单价','折后单价','discountPrice',13,1,354,100,NULL,0,'2'),(355,'折后金额','折后金额','discountMoney',13,1,355,100,NULL,0,'2'),(356,'税率','税率','taxRate',13,1,356,100,NULL,0,'3'),(357,'含税率单价','含税单价','taxPrice',13,1,357,100,NULL,0,'3'),(358,'税额','税额','tax',13,1,358,100,NULL,0,'3'),(359,'含税金额','含税金额','taxMoney',13,1,359,100,NULL,0,'3'),(360,'零售价','零售价','retailPrice',13,1,360,100,NULL,0,'4'),(361,'零售金额','零售金额','retailMoney',13,1,361,100,NULL,0,'4'),(362,'备注','备注','memo',13,2,363,200,NULL,0,NULL),(363,'状态','状态','status',13,2,362,50,NULL,1,NULL),(364,'辅助单位','辅助单位','helpUnit',13,1,364,100,NULL,0,NULL),(365,'附加信息','附加信息','message',13,1,365,100,NULL,0,NULL),(366,'条码','条码','barCode',13,1,366,100,NULL,0,NULL),(367,'商品编号','商品编号','code',14,2,367,80,NULL,1,NULL),(368,'商品全名','商品全名','fullName',14,2,368,150,NULL,1,NULL),(369,'商品简称','商品简称','smallName',14,1,369,100,NULL,0,NULL),(370,'商品拼音','商品拼音','spell',14,1,370,100,NULL,0,NULL),(371,'商品规格','规格','standard',14,2,371,100,NULL,0,NULL),(372,'商品型号','商品型号','model',14,1,372,100,NULL,0,NULL),(373,'商品产地','商品产地','field',14,1,373,100,NULL,0,NULL),(374,'发货仓库编号','发货仓库编号','outStorageCode',14,1,374,100,NULL,0,'1'),(375,'发货仓库全名','发货仓库全名','outStorageName',14,1,375,100,NULL,0,'1'),(376,'收货仓库编号','收货仓库编号','inStorageCode',14,1,376,100,NULL,0,'1'),(377,'收货仓库全名','收货仓库全名','inStorageName',14,1,377,100,NULL,0,'1'),(378,'单位','单位','unit',14,2,378,100,NULL,1,NULL),(379,'生产日期','生产日期','produceDate',14,1,379,100,NULL,0,NULL),(380,'批号','批号','batch',14,1,380,100,NULL,0,NULL),(381,'辅助数量','辅助数量','helpAmount',14,1,381,100,NULL,0,NULL),(382,'基本数量','基本数量','baseAmount',14,1,382,100,NULL,0,NULL),(383,'辅助数量1','辅助数量1','baseAmount1',14,1,383,100,NULL,0,NULL),(384,'辅助数量2','辅助数量2','baseAmount2',14,1,384,100,NULL,0,NULL),(385,'数量','数量','amount',14,2,385,100,NULL,1,NULL),(386,'单价','单价','price',14,2,386,100,NULL,0,'2'),(387,'金额','金额','money',14,2,387,100,NULL,0,'2'),(388,'零售价','零售价','retailPrice',14,1,388,100,NULL,0,'3'),(389,'零售金额','零售金额','retailMoney',14,1,389,100,NULL,0,'3'),(390,'备注','备注','memo',14,2,390,200,NULL,0,NULL),(392,'辅助单位','辅助单位','helpUnit',14,1,392,100,NULL,0,NULL),(393,'附加信息','附加信息','message',14,1,393,100,NULL,0,NULL),(394,'条码','条码','barCode',14,1,394,100,NULL,0,NULL),(395,'商品编号','商品编号','code',15,2,395,80,NULL,1,NULL),(396,'商品全名','商品全名','fullName',15,2,396,150,NULL,1,NULL),(397,'商品简称','商品简称','smallName',15,1,397,100,NULL,0,NULL),(398,'商品拼音','商品拼音','spell',15,1,398,100,NULL,0,NULL),(399,'商品规格','规格','standard',15,2,399,100,NULL,0,NULL),(400,'商品型号','商品型号','model',15,1,400,100,NULL,0,NULL),(401,'商品产地','商品产地','field',15,1,401,100,NULL,0,NULL),(402,'发货仓库编号','发货仓库编号','outStorageCode',15,1,402,100,NULL,0,NULL),(403,'发货仓库全名','发货仓库全名','outStorageName',15,1,403,100,NULL,0,NULL),(404,'收货仓库编号','收货仓库编号','inStorageCode',15,1,404,100,NULL,0,NULL),(405,'收货仓库全名','收货仓库全名','inStorageName',15,1,405,100,NULL,0,NULL),(406,'单位','单位','unit',15,2,406,100,NULL,0,NULL),(407,'生产日期','生产日期','produceDate',15,1,407,100,NULL,0,NULL),(408,'批号','批号','batch',15,1,408,100,NULL,0,NULL),(409,'辅助数量','辅助数量','helpAmount',15,1,409,100,NULL,0,NULL),(410,'基本数量','基本数量','baseAmount',15,1,410,100,NULL,0,NULL),(411,'辅助数量1','辅助数量1','baseAmount1',15,1,411,100,NULL,0,NULL),(412,'辅助数量2','辅助数量2','baseAmount2',15,1,412,100,NULL,0,NULL),(413,'数量','数量','amount',15,2,413,100,NULL,1,NULL),(414,'单价','单价','price',15,2,414,100,NULL,1,NULL),(415,'金额','金额','money',15,2,415,100,NULL,1,NULL),(416,'折扣','折扣','discount',15,1,416,100,NULL,0,'1'),(417,'折后单价','折后单价','discountPrice',15,1,417,100,NULL,0,'1'),(418,'折后金额','折后金额','discountMoney',15,1,418,100,NULL,0,'1'),(419,'零售价','零售价','retailPrice',15,1,419,100,NULL,0,NULL),(420,'零售金额','零售金额','retailMoney',15,1,420,100,NULL,0,NULL),(421,'单据备注','单据备注','memo',15,2,421,200,NULL,0,NULL),(422,'状态','状态','status',15,1,422,100,NULL,0,NULL),(423,'条码','条码','barCode',15,1,423,100,NULL,0,NULL),(424,'辅助单位','辅助单位','helpUnit',15,1,424,100,NULL,0,NULL),(425,'附加信息','附加信息','message',15,1,425,100,NULL,0,NULL),(426,'科目编号','科目编号','accountsCode',18,2,426,80,NULL,1,NULL),(427,'科目全名','科目全名','accountsFullName',18,2,427,150,NULL,1,NULL),(428,'科目简称','科目简称','accountsSmallName',18,1,428,100,NULL,0,NULL),(429,'科目拼音码','科目拼音码','accountsSpell',18,1,429,100,NULL,0,NULL),(430,'科目备注','科目备注','accountsMemo',18,1,430,100,NULL,0,NULL),(431,'金额','金额','money',18,2,431,100,NULL,1,NULL),(432,'单据备注','单据备注','orderMemo',18,2,432,200,NULL,0,NULL),(433,'附加信息','附加信息','message',18,1,433,100,NULL,0,NULL),(434,'商品编号','商品编号','code',16,2,434,80,NULL,1,NULL),(435,'商品全名','商品全名','fullName',16,2,435,150,NULL,1,NULL),(436,'商品简称','商品简称','smallName',16,1,436,100,NULL,0,NULL),(437,'商品拼音','商品拼音','spell',16,1,437,100,NULL,0,NULL),(438,'商品规格','规格','standard',16,2,438,100,NULL,0,NULL),(439,'商品型号','商品型号','model',16,1,439,100,NULL,0,NULL),(440,'商品产地','商品产地','field',16,1,440,100,NULL,0,NULL),(441,'仓库编号','仓库编号','storageCode',16,1,441,100,NULL,0,'1'),(442,'仓库全名','仓库全名','storageName',16,1,442,100,NULL,0,'1'),(443,'单位','单位','unit',16,2,443,100,NULL,1,NULL),(444,'生产日期','生产日期','produceDate',16,1,444,100,NULL,0,NULL),(445,'辅助数量','辅助数量','helpAmount',16,1,445,100,NULL,0,NULL),(446,'基本数量','基本数量','baseAmount',16,1,446,100,NULL,0,NULL),(447,'辅助数量1','辅助数量1','baseAmount1',16,1,447,100,NULL,0,NULL),(448,'辅助数量2','辅助数量2','baseAmount2',16,1,448,100,NULL,0,NULL),(449,'数量','数量','amount',16,2,449,100,NULL,1,NULL),(450,'单价','单价','price',16,2,450,100,NULL,1,NULL),(451,'金额','金额','money',16,2,451,100,NULL,1,NULL),(452,'备注','备注','memo',16,2,453,200,NULL,0,NULL),(454,'辅助单位','辅助单位','helpUnit',16,1,454,100,NULL,0,NULL),(455,'附加信息','附加信息','message',16,1,455,100,NULL,0,NULL),(456,'批号','批号','batch',16,1,456,100,NULL,0,NULL),(457,'条码','条码','barCode',16,1,457,100,NULL,0,NULL),(458,'商品编号','商品编号','code',20,2,458,80,NULL,1,NULL),(459,'商品全名','商品全名','fullName',20,2,459,150,NULL,1,NULL),(460,'商品简称','商品简称','smallName',20,1,460,100,NULL,0,NULL),(461,'商品拼音','商品拼音','spell',20,1,461,100,NULL,0,NULL),(462,'商品规格','规格','standard',20,2,462,100,NULL,0,NULL),(463,'商品型号','商品型号','model',20,1,463,100,NULL,0,NULL),(464,'商品产地','商品产地','field',20,1,464,100,NULL,0,NULL),(465,'单位','单位','unit',20,2,465,100,NULL,1,NULL),(466,'生产日期','生产日期','produceDate',20,1,466,100,NULL,0,NULL),(467,'辅助数量','辅助数量','helpAmount',20,1,467,100,NULL,0,NULL),(468,'基本数量','基本数量','baseAmount',20,1,468,100,NULL,0,NULL),(469,'辅助数量1','辅助数量1','baseAmount1',20,1,469,100,NULL,0,NULL),(470,'辅助数量2','辅助数量2','baseAmount2',20,1,470,100,NULL,0,NULL),(471,'数量','数量','amount',20,2,471,100,NULL,1,NULL),(472,'调整前单价','调整前单价','price',20,2,472,100,NULL,1,NULL),(473,'调整前金额','调整前金额','money',20,2,473,100,NULL,1,NULL),(474,'调整后单价','调整后单价','lastPrice',20,2,474,100,NULL,1,NULL),(475,'调整后金额','调整后金额','lastMoney',20,2,475,100,NULL,1,NULL),(476,'调整金额','调整金额','adjustMoney',20,2,476,100,NULL,1,NULL),(477,'零售价','零售价','retailPrice',20,1,477,100,NULL,0,'2'),(478,'零售金额','零售金额','retailMoney',20,1,478,100,NULL,0,'2'),(479,'备注','备注','memo',20,2,479,200,NULL,0,NULL),(480,'辅助单位','辅助单位','helpUnit',20,1,480,100,NULL,0,NULL),(481,'附加信息','附加信息','message',20,1,481,100,NULL,0,NULL),(482,'批号','批号','batch',20,1,482,100,NULL,0,NULL),(483,'条码','条码','barCode',20,1,483,100,NULL,0,NULL),(484,'科目编号','科目编号','accountsCode',17,2,484,100,NULL,0,NULL),(485,'科目全名','科目全名','accountsFullName',17,2,485,100,NULL,1,NULL),(486,'科目简称','科目简称','accountsSmallName',17,1,486,100,NULL,0,NULL),(487,'科目拼音码','科目拼音码','accountsSpell',17,1,487,100,NULL,0,NULL),(488,'科目备注','科目备注','accountsMemo',17,1,488,100,NULL,0,NULL),(489,'金额','金额','money',17,2,489,100,NULL,1,NULL),(490,'单据备注','单据备注','orderMemo',17,2,490,100,NULL,0,NULL),(491,'附加信息','附加信息','message',17,1,491,100,NULL,0,NULL),(492,'科目编号','科目编号','accountsCode',19,2,492,100,NULL,1,NULL),(493,'科目全名','科目全名','accountsFullName',19,2,493,100,NULL,1,NULL),(494,'科目简称','科目简称','accountsSmallName',19,1,494,100,NULL,0,NULL),(495,'科目拼音码','科目拼音码','accountsSpell',19,1,495,100,NULL,0,NULL),(496,'科目备注','科目备注','accountsMemo',19,1,496,100,NULL,0,NULL),(497,'金额','金额','money',19,2,497,100,NULL,1,NULL),(498,'单据备注','单据备注','orderMemo',19,2,498,100,NULL,0,NULL),(499,'附加信息','附加信息','message',19,1,499,100,NULL,0,NULL),(500,'科目编号','科目编号','accountsCode',21,2,500,80,NULL,1,NULL),(501,'科目全名','科目全名','accountsFullName',21,2,501,150,NULL,1,NULL),(502,'科目简称','科目简称','accountsSmallName',21,1,502,100,NULL,0,NULL),(503,'科目拼音码','科目拼音码','accountsSpell',21,1,503,100,NULL,0,NULL),(504,'科目备注','科目备注','accountsMemo',21,1,504,100,NULL,0,NULL),(505,'金额','金额','money',21,2,505,100,NULL,1,NULL),(506,'单据备注','单据备注','orderMemo',21,2,506,200,NULL,0,NULL),(507,'附加信息','附加信息','message',21,1,507,100,NULL,0,NULL),(508,'科目编号','科目编号','accountsCode',22,2,508,80,NULL,0,NULL),(509,'科目全名','科目全名','accountsFullName',22,2,509,150,NULL,1,NULL),(510,'科目简称','科目简称','accountsSmallName',22,1,510,100,NULL,0,NULL),(511,'科目拼音码','科目拼音码','accountsSpell',22,1,511,100,NULL,0,NULL),(512,'科目备注','科目备注','accountsMemo',22,1,512,100,NULL,0,NULL),(513,'金额','金额','money',22,2,513,100,NULL,1,NULL),(514,'单据备注','单据备注','orderMemo',22,2,514,200,NULL,0,NULL),(515,'附加信息','附加信息','message',22,1,515,100,NULL,0,NULL),(516,'科目编号','科目编号','accountsCode',23,2,516,80,NULL,1,NULL),(517,'科目全名','科目全名','accountsFullName',23,2,517,150,NULL,1,NULL),(518,'科目简称','科目简称','accountsSmallName',23,1,518,100,NULL,0,NULL),(519,'科目拼音码','科目拼音码','accountsSpell',23,1,519,100,NULL,0,NULL),(520,'科目备注','科目备注','accountsMemo',23,1,520,100,NULL,0,NULL),(521,'金额','金额','money',23,2,521,100,NULL,1,NULL),(522,'单据备注','单据备注','orderMemo',23,2,522,200,NULL,0,NULL),(523,'附加信息','附加信息','message',23,1,523,100,NULL,0,NULL),(524,'科目编号','科目编号','accountsCode',24,2,524,80,NULL,1,NULL),(525,'科目全名','科目全名','accountsFullName',24,2,525,150,NULL,1,NULL),(526,'科目简称','科目简称','accountsSmallName',24,1,526,100,NULL,0,NULL),(527,'科目拼音码','科目拼音码','accountsSpell',24,1,527,100,NULL,0,NULL),(528,'科目备注','科目备注','accountsMemo',24,1,528,100,NULL,0,NULL),(529,'金额','金额','money',24,2,529,100,NULL,1,NULL),(530,'单据备注','单据备注','orderMemo',24,2,530,200,NULL,0,NULL),(531,'附加信息','附加信息','message',24,1,531,100,NULL,0,NULL),(532,'科目编号','科目编号','accountsCode',25,2,532,80,NULL,1,NULL),(533,'科目全名','科目全名','accountsFullName',25,2,533,150,NULL,1,NULL),(534,'科目简称','科目简称','accountsSmallName',25,1,534,100,NULL,0,NULL),(535,'科目拼音码','科目拼音码','accountsSpell',25,1,535,100,NULL,0,NULL),(536,'科目备注','科目备注','accountsMemo',25,1,536,100,NULL,0,NULL),(537,'金额','金额','money',25,2,537,100,NULL,1,NULL),(538,'单据备注','单据备注','orderMemo',25,2,538,200,NULL,0,NULL),(539,'附加信息','附加信息','message',25,1,539,100,NULL,0,NULL),(540,'总账科目编号','总账科目编号','accountsCode',32,2,540,80,NULL,1,NULL),(541,'总账科目全名','总账科目全名','accountsFullName',32,2,541,150,NULL,1,NULL),(542,'总账科目简称','总账科目简称','accountsSmallName',32,1,542,100,NULL,0,NULL),(543,'总账科目拼音码','总账科目拼音码','accountsSpell',32,1,543,100,NULL,0,NULL),(544,'总账科目备注','总账科目备注','accountsMemo',32,1,544,100,NULL,0,NULL),(545,'明细科目','明细科目','accountsDetailName',32,2,545,150,NULL,1,NULL),(546,'借方金额','借方','debitMoney',32,2,546,100,NULL,1,NULL),(547,'贷方金额','贷方','lendMoney',32,2,547,100,NULL,1,NULL),(548,'摘要','摘要','memo',32,2,548,200,NULL,0,NULL),(549,'附加信息','附加信息','message',32,1,549,100,NULL,0,NULL),(550,'科目编号','科目编号','accountsCode',26,2,550,80,NULL,0,NULL),(551,'科目全名','科目全名','accountsFullName',26,2,551,150,NULL,1,NULL),(552,'科目简称','科目简称','accountsSmallName',26,1,552,100,NULL,0,NULL),(553,'科目拼音码','科目拼音码','accountsSpell',26,1,553,100,NULL,0,NULL),(554,'科目备注','科目备注','accountsMemo',26,1,554,100,NULL,0,NULL),(555,'金额','金额','money',26,2,555,100,NULL,1,NULL),(556,'单据备注','单据备注','orderMemo',26,2,556,200,NULL,0,NULL),(557,'附加信息','附加信息','message',26,1,557,100,NULL,0,NULL),(558,'科目编号','科目编号','accountsCode',27,2,558,80,NULL,0,NULL),(559,'科目全名','科目全名','accountsFullName',27,2,559,150,NULL,1,NULL),(560,'科目简称','科目简称','accountsSmallName',27,1,560,100,NULL,0,NULL),(561,'科目拼音码','科目拼音码','accountsSpell',27,1,561,100,NULL,0,NULL),(562,'科目备注','科目备注','accountsMemo',27,1,562,100,NULL,0,NULL),(563,'金额','金额','money',27,2,563,100,NULL,1,NULL),(564,'单据备注','单据备注','orderMemo',27,2,564,200,NULL,0,NULL),(565,'附加信息','附加信息','message',27,1,565,100,NULL,0,NULL),(566,'科目编号','科目编号','accountsCode',28,2,566,80,NULL,0,NULL),(567,'科目全名','科目全名','accountsFullName',28,2,567,150,NULL,1,NULL),(568,'科目简称','科目简称','accountsSmallName',28,1,568,100,NULL,0,NULL),(569,'科目拼音码','科目拼音码','accountsSpell',28,1,569,100,NULL,0,NULL),(570,'科目备注','科目备注','accountsMemo',28,1,570,100,NULL,0,NULL),(571,'金额','金额','money',28,2,571,100,NULL,1,NULL),(572,'单据备注','单据备注','orderMemo',28,2,572,200,NULL,0,NULL),(573,'附加信息','附加信息','message',28,1,573,100,NULL,0,NULL),(574,'科目编号','科目编号','accountsCode',29,2,574,80,NULL,0,NULL),(575,'科目全名','科目全名','accountsFullName',29,2,575,150,NULL,1,NULL),(576,'科目简称','科目简称','accountsSmallName',29,1,576,100,NULL,0,NULL),(577,'科目拼音码','科目拼音码','accountsSpell',29,1,577,100,NULL,0,NULL),(578,'科目备注','科目备注','accountsMemo',29,1,578,100,NULL,0,NULL),(579,'金额','金额','money',29,2,579,100,NULL,1,NULL),(580,'单据备注','单据备注','orderMemo',29,2,580,200,NULL,0,NULL),(581,'附加信息','附加信息','message',29,1,581,100,NULL,0,NULL),(582,'科目编号','科目编号','accountsCode',30,2,582,80,NULL,0,NULL),(583,'科目全名','科目全名','accountsFullName',30,2,583,150,NULL,1,NULL),(584,'科目简称','科目简称','accountsSmallName',30,1,584,100,NULL,0,NULL),(585,'科目拼音码','科目拼音码','accountsSpell',30,1,585,100,NULL,0,NULL),(586,'科目备注','科目备注','accountsMemo',30,1,586,100,NULL,0,NULL),(587,'金额','金额','money',30,2,587,100,NULL,1,NULL),(588,'单据备注','单据备注','orderMemo',30,2,588,200,NULL,0,NULL),(589,'附加信息','附加信息','message',30,1,589,100,NULL,0,NULL),(590,'科目编号','科目编号','accountsCode',31,2,590,80,NULL,0,NULL),(591,'科目全名','科目全名','accountsFullName',31,2,591,150,NULL,1,NULL),(592,'科目简称','科目简称','accountsSmallName',31,1,592,100,NULL,0,NULL),(593,'科目拼音码','科目拼音码','accountsSpell',31,1,593,100,NULL,0,NULL),(594,'科目备注','科目备注','accountsMemo',31,1,594,100,NULL,0,NULL),(595,'金额','金额','money',31,2,595,100,NULL,1,NULL),(596,'单据备注','单据备注','orderMemo',31,2,596,200,NULL,0,NULL),(597,'附加信息','附加信息','message',31,1,597,100,NULL,0,NULL),(598,'单价','单价','price',10,2,257,100,NULL,1,NULL),(599,'金额','金额','money',10,2,258,100,NULL,1,NULL),(600,'商品拼音','商品拼音','spell',12,1,302,100,NULL,0,NULL);

/*Data for the table `sys_billcodeconfig_format` */

insert  into `sys_billcodeconfig_format`(`id`,`formatCh`,`formatHg`,`formatDd`,`formatNo`,`formatKg`,`userId`) values (1,'MM月dd日','MM-dd','MM.dd','MMdd','MM dd',NULL),(2,'M月d日','M-d','M.d','Md','M d',NULL),(3,'yyyy年','yyyy','yyyy','yyyy','yyyy',NULL),(4,'yyyy年MM月','yyyy-MM','yyyy.MM','yyyyMM','yyyy MM',NULL),(5,'yyyy年MM月dd日','yyyy-MM-dd','yyyy.MM.dd','yyyyMMdd','yyyy MM dd',NULL),(6,'yyy年M月d日','yyyy-M-d','yyyy.M.d','yyyyMd','yyyy M d',NULL),(7,'yy年','yy','yy','yy','yy',NULL),(8,'yy年MM月','yy-MM','yy.MM','yyMM','yy MM',NULL),(9,'yy年MM月dd日','yy-MM-dd','yy.MM.dd','yyMMdd','yy MM dd',NULL),(10,'yy年M月d日','yy-M-d','yy.M.d','yyMd','yy M d',NULL);

/*Data for the table `sys_billsort` */

insert  into `sys_billsort`(`id`,`name`,`userId`) values (1,'销售类',NULL),(2,'采购类',NULL),(3,'仓储类',NULL),(6,'财务类',NULL);

/*Data for the table `sys_billtype` */

insert  into `sys_billtype`(`id`,`name`,`sortId`,`prefix`,`biillTableName`,`isBusiness`,`isArap`,`supId`,`mergeType`,`node`,`itemNum`,`userId`) values (1,'进货订单',2,'JHDD','cg_bought_bill',0,1,0,NULL,1,NULL,NULL),(2,'销售订单',1,'XSDD','xs_sellbook_bill',0,1,0,NULL,1,NULL,NULL),(3,'库存盘点单',3,'KCPD','cc_takeStock_bill',0,1,0,NULL,1,NULL,NULL),(4,'销售单',1,'XSD','xs_sell_bill',1,1,0,NULL,1,'01234',NULL),(5,'进货单',2,'JHD','cg_purchase_bill',1,1,0,NULL,1,'1234',NULL),(6,'进货退货单',2,'JHTHD','cg_return_bill',1,1,0,NULL,1,'1234',NULL),(7,'销售退货单',1,'XSTHD','xs_return_bill',1,1,0,NULL,1,'01234',NULL),(8,'报损单',3,'BSD','cc_breakage_bill',1,0,0,NULL,1,'2',NULL),(9,'报溢单',3,'BYD','cc_overflow_bill',1,0,0,NULL,1,'2',NULL),(10,'其它入库单',3,'QTRKD','cc_otherin_bill',1,1,0,NULL,1,'2',NULL),(11,'其它出库单',3,'QTCKD','cc_otherout_bill',1,1,0,NULL,1,'2',NULL),(12,'进货换货单',2,'JHHHD','cg_barter_bill',1,1,0,NULL,1,'1234',NULL),(13,'销售换货单',1,'XSHHD','xs_barter_bill',1,1,0,NULL,1,'1234',NULL),(14,'同价调拨单',3,'TD','cc_parityallot_bill',1,0,0,NULL,1,'2',NULL),(15,'变价调拨单',3,'BJDB','cc_difftallot_bill',1,0,0,NULL,1,'23',NULL),(16,'生产拆装单',3,'SPCZ','cc_dismount_bill',1,0,0,NULL,1,'2',NULL),(17,'收款单',6,'SKD','cw_getmoney_bill',1,1,0,NULL,1,'1',NULL),(18,'其它收入单',6,'QTSRD','cw_otherearn_bill',1,1,33,NULL,1,NULL,NULL),(19,'付款单',6,'FKD','cw_paymoney_bill',1,1,33,NULL,1,'1',NULL),(20,'成本调价单',3,'CBTJ','cc_adjust_cost_bill',1,0,0,NULL,1,'2',NULL),(21,'内部转款单',6,'ZKD','cw_transfer_bill',1,0,33,NULL,1,NULL,NULL),(22,'费用单',6,'FYD','cw_fee_bill',1,1,33,NULL,1,NULL,NULL),(23,'固定资产购置单',6,'ZCGZ','cw_addassets_bill',1,1,33,NULL,1,NULL,NULL),(24,'固定资产折旧单',6,'ZCZJ','cw_deprassets_bill',1,0,33,NULL,1,NULL,NULL),(25,'固定资产变卖单',6,'ZCBM','cw_subassets_bill',1,1,33,NULL,1,NULL,NULL),(26,'应收减少',6,'YSJS','cw_c_unitgetorpay_bill',1,1,34,0,1,NULL,NULL),(27,'应收增加',6,'YSZJ','cw_c_unitgetorpay_bill',1,1,34,1,1,NULL,NULL),(28,'应付减少',6,'YFJS','cw_c_unitgetorpay_bill',1,1,34,2,1,NULL,NULL),(29,'应付增加',6,'YFZJ','cw_c_unitgetorpay_bill',1,1,34,3,1,NULL,NULL),(30,'资金减少',6,'ZJJS','cw_c_money_bill',1,0,34,0,1,NULL,NULL),(31,'资金增加',6,'ZJZJ','cw_c_money_bill',1,0,34,1,1,NULL,NULL),(32,'会计凭证',6,'KJPZ','cw_accountvoucher_bill',1,1,0,NULL,1,NULL,NULL),(33,'钱流单',6,NULL,NULL,1,1,0,NULL,2,NULL,NULL),(34,'调账业务',6,NULL,NULL,1,1,0,NULL,2,NULL,NULL);







/* 基本信息 */
alter table b_product add INDEX `b_product_pids` (`pids`);
alter table b_unit add INDEX `b_unit_pids` (`pids`);
alter table b_storage add INDEX `b_storage_pids` (`pids`);


/*单据  报表列配置*/
alter table sys_bill_row add INDEX `sys_bill_row_billId` (`billId`);
alter table fz_report_row add INDEX `fz_report_row_reportType` (`reportType`);



/*商品历史记录表*/
alter table cc_stock_records add INDEX `cc_stock_records_billTypeId` (`billTypeId`);
alter table cc_stock_records add INDEX `cc_stock_records_recodeTime` (`recodeTime`);



/*销售单*/
alter table xs_sell_bill add INDEX `xs_sell_bill_recodeDate` (`recodeDate`);
alter table xs_return_bill add INDEX `xs_return_bill_recodeDate` (`recodeDate`);
alter table xs_barter_bill add INDEX `xs_barter_bill_recodeDate` (`recodeDate`);


/*经营历程*/
alter table bb_billhistory add INDEX `bb_billhistory_billTypeId` (`billTypeId`);
alter table bb_billhistory add INDEX `bb_billhistory_billId` (`billId`);
alter table bb_billhistory add INDEX `bb_billhistory_recodeDate` (`recodeDate`);


/*财务历史记录*/
alter table cw_pay_type add INDEX `cw_pay_type_billTypeId` (`billTypeId`);
alter table cw_pay_type add INDEX `cw_pay_type_billId` (`billId`);


/*单位应收应付历史记录*/
alter table cw_arap_records add INDEX `cw_arap_records_unitId` (`unitId`);


